,Acelerador,Autonomía,Corriente Instantanea,ID Celda Max Temp,ID Celda Max Volt,ID Celda Min Temp,ID Celda Min Volt,Max Temp Celda,Max Volt Celda,Min Temp Celda,Min Volt Celda,Nivel Vent. A/C,Odómetro,P. Cons. Ini Mov.,P. Gen. Freno Umbral 1,P. Gen. Freno Umbral 2,P. Gen. Freno Umbral 3,P. Gen. Freno Umbral 4,P. Gen. Freno Umbral 5,P. Gen. Freno Umbral 6,P. Gen. Retardador,P. Gen. TPS en uso,Pastilla Del Der,Pastilla Del Izq,Pastilla Tras Der,Pastilla Tras Izq,Pedal de Freno,Potencia Total Consumida,Potencia Total Generada,Presión Aire 1,Presión Aire 2,Set Temp. A/C,SOC,Temp Exterior,Temp Interior,Temperatura de Motor,Velocidad,Voltaje Instantaneo,latitud,longitud,hora,deltaTime,travel
0,0.0,348.0,0.0,10.0,1.0,41.0,204.0,24.0,3.334,20.0,3.325,0.0,57444.0,2320.7,-406.7,-7349.2,-12966.4,-2647.4,-46.4,0.0,-834.6,-282.8,62.0,51.6,68.0,47.2,0.0,70632.6,-24557.8,828.0,828.0,23.0,86.0,16.0,17.0,0.0,0.0,639.2,-33.633191,-70.610265,2020-03-02 08:37:55,0.0,0
1,0.0,348.0,0.0,10.0,1.0,41.0,115.0,24.0,3.334,20.0,3.325,0.0,57444.0,2320.7,-406.7,-7349.2,-12966.4,-2647.4,-46.4,0.0,-834.6,-282.8,62.0,51.6,68.0,47.2,0.0,70632.6,-24557.8,828.0,828.0,23.0,86.0,16.0,17.0,0.0,0.0,639.2,-33.633191,-70.610265,2020-03-02 08:38:55,60.0,0
2,0.0,346.0,8.8,10.0,1.0,41.0,115.0,24.0,3.325,20.0,3.317,0.0,57444.0,2340.1,-406.7,-7349.2,-12966.4,-2647.4,-46.4,0.0,-834.6,-282.8,62.0,51.6,68.0,47.2,16.0,70782.7,-24557.8,828.0,824.0,23.0,86.0,17.0,17.0,0.0,26.0,637.6,-33.633227,-70.610359,2020-03-02 08:39:55,60.0,0
3,0.0,346.0,2.3,10.0,1.0,41.0,115.0,24.0,3.328,20.0,3.319,0.0,57444.1,2419.3,-409.1,-7366.6,-13012.9,-2647.4,-46.4,0.0,-838.0,-283.3,62.0,51.6,68.0,47.2,0.0,71093.9,-24628.0,1000.0,1000.0,23.0,86.0,17.0,17.0,0.0,17.0,638.0,-33.633633,-70.611009,2020-03-02 08:40:55,60.0,0
4,0.0,346.0,3.4,10.0,1.0,41.0,116.0,24.0,3.33,20.0,3.322,0.0,57444.2,2432.2,-409.2,-7405.3,-13014.5,-2647.4,-46.4,0.0,-838.0,-283.3,62.0,51.6,68.0,47.2,0.0,71127.6,-24668.3,956.0,948.0,23.0,86.0,17.0,17.0,0.0,6.0,638.7,-33.632839,-70.611165,2020-03-02 08:41:55,60.0,0
5,76.0,346.0,112.1,10.0,83.0,41.0,129.0,24.0,3.311,20.0,3.3,0.0,57444.9,2450.3,-409.2,-7405.3,-13014.5,-2647.4,-46.4,0.0,-840.6,-289.8,62.0,51.6,68.0,47.2,0.0,71987.3,-24677.4,960.0,960.0,23.0,86.0,17.0,17.0,0.0,44.0,634.9,-33.631852,-70.604593,2020-03-02 08:42:55,60.0,0
6,46.0,342.0,91.5,10.0,224.0,41.0,129.0,24.0,3.308,20.0,3.295,0.0,57445.7,2450.3,-409.2,-7405.3,-13014.5,-2647.4,-46.4,0.0,-849.4,-295.1,62.0,51.6,68.0,47.2,0.0,72733.8,-24691.4,960.0,960.0,23.0,85.0,17.0,17.0,0.0,52.0,634.1,-33.627677,-70.598325,2020-03-02 08:43:55,60.0,0
7,96.0,342.0,121.7,10.0,7.0,41.0,115.0,24.0,3.309,20.0,3.295,0.0,57446.2,2467.4,-411.4,-7459.6,-13143.9,-2725.0,-46.4,0.0,-857.3,-295.9,62.0,51.6,68.0,47.2,0.0,73368.6,-24963.7,900.0,896.0,23.0,85.0,17.0,17.0,0.0,23.0,634.3,-33.623258,-70.597904,2020-03-02 08:44:55,60.0,0
8,0.0,342.0,-6.3,9.0,1.0,41.0,115.0,24.0,3.315,20.0,3.309,0.0,57446.8,2467.4,-415.3,-7492.4,-13214.4,-2725.0,-46.4,0.0,-877.3,-299.1,62.0,51.6,68.0,47.2,0.0,74159.1,-25095.8,880.0,880.0,23.0,85.0,17.0,17.0,0.0,44.0,635.9,-33.618693,-70.598947,2020-03-02 08:45:55,60.0,0
9,4.0,342.0,0.0,9.0,1.0,41.0,115.0,24.0,3.32,20.0,3.31,0.0,57447.3,2468.8,-426.4,-7649.8,-13248.1,-2725.0,-46.4,0.0,-891.9,-303.9,62.0,51.6,68.0,47.2,0.0,74559.7,-25321.0,856.0,856.0,23.0,85.0,17.0,17.0,0.0,29.0,636.6,-33.615131,-70.598284,2020-03-02 08:46:55,60.0,0
10,16.0,342.0,4.2,10.0,1.0,41.0,115.0,24.0,3.325,20.0,3.316,0.0,57447.5,2483.3,-427.5,-7683.2,-13275.6,-2725.0,-46.4,0.0,-894.7,-303.9,62.0,51.6,68.0,47.2,0.0,74712.0,-25385.9,832.0,828.0,23.0,85.0,17.0,17.0,0.0,0.0,637.6,-33.614831,-70.596634,2020-03-02 08:47:55,60.0,0
11,0.0,342.0,137.3,9.0,1.0,41.0,115.0,24.0,3.304,20.0,3.29,0.0,57447.7,2525.6,-428.1,-7706.1,-13335.3,-2725.0,-46.4,0.0,-897.0,-304.3,62.0,51.6,68.0,47.2,0.0,75338.5,-25471.7,804.0,804.0,23.0,85.0,17.0,17.0,0.0,40.0,633.5,-33.615727,-70.59441,2020-03-02 08:48:55,60.0,0
12,0.0,246.0,-50.2,9.0,4.0,41.0,203.0,24.0,3.33,20.0,3.321,0.0,57448.1,2554.5,-431.8,-7855.2,-13474.7,-2725.0,-46.4,0.0,-905.2,-305.1,62.0,51.6,68.0,47.2,23.0,75899.3,-25773.0,988.0,972.0,23.0,84.0,17.0,17.0,0.0,10.0,638.4,-33.61651,-70.591119,2020-03-02 08:49:55,60.0,0
13,0.0,246.0,90.9,9.0,224.0,41.0,115.0,24.0,3.308,20.0,3.291,0.0,57448.4,2590.8,-435.6,-7894.2,-13572.8,-2725.0,-46.4,0.0,-907.7,-305.4,62.0,51.6,68.0,47.2,0.0,76477.8,-25917.0,972.0,972.0,23.0,84.0,17.0,17.0,0.0,21.0,634.0,-33.615814,-70.588143,2020-03-02 08:50:55,60.0,0
14,20.0,232.0,82.0,32.0,224.0,41.0,129.0,25.0,3.305,20.0,3.291,0.0,57448.7,2613.8,-435.6,-7960.7,-13607.6,-2725.0,-46.4,0.0,-909.2,-305.9,62.0,51.6,68.0,47.2,0.0,77060.7,-26020.4,960.0,960.0,23.0,84.0,18.0,17.0,0.0,37.0,633.5,-33.615196,-70.584979,2020-03-02 08:51:55,60.0,0
15,35.0,232.0,190.6,32.0,224.0,41.0,115.0,25.0,3.3,20.0,3.281,0.0,57449.1,2640.3,-438.3,-8034.7,-13748.2,-2739.7,-46.4,0.0,-917.6,-306.7,62.0,51.6,68.0,47.2,0.0,77633.9,-26263.6,892.0,896.0,23.0,84.0,18.0,17.0,0.0,23.0,632.4,-33.614527,-70.581646,2020-03-02 08:52:55,60.0,0
16,55.0,236.0,114.4,32.0,1.0,41.0,115.0,25.0,3.31,20.0,3.297,0.0,57449.4,2663.3,-440.0,-8097.3,-13780.3,-2739.7,-46.4,0.0,-927.2,-307.2,62.0,51.6,68.0,47.2,0.0,78033.6,-26370.2,868.0,868.0,23.0,84.0,18.0,17.0,0.0,12.0,634.7,-33.614235,-70.578637,2020-03-02 08:53:55,60.0,0
17,16.0,236.0,4.2,32.0,1.0,41.0,115.0,25.0,3.321,20.0,3.314,0.0,57449.7,2663.3,-445.0,-8208.0,-13894.0,-2739.7,-46.4,0.0,-934.2,-307.4,62.0,51.6,68.0,47.2,0.0,78679.1,-26606.8,828.0,828.0,23.0,84.0,18.0,17.0,0.0,0.0,637.0,-33.613813,-70.57534,2020-03-02 08:54:55,60.0,0
18,55.0,226.0,6.5,32.0,8.0,41.0,106.0,25.0,3.315,20.0,3.306,0.0,57449.8,2710.4,-445.0,-8216.6,-13933.5,-2739.7,-46.4,0.0,-934.4,-307.5,62.0,51.6,68.0,48.0,0.0,79171.8,-26655.0,828.0,828.0,23.0,84.0,18.0,17.0,0.0,33.0,635.5,-33.613343,-70.574169,2020-03-02 08:55:55,60.0,0
19,0.0,226.0,5.1,32.0,1.0,41.0,115.0,25.0,3.322,20.0,3.315,0.0,57450.1,2741.3,-454.9,-8278.4,-14054.0,-2739.7,-46.4,0.0,-945.8,-307.7,62.0,51.6,68.0,47.2,15.0,79446.1,-26858.9,892.0,880.0,23.0,84.0,18.0,17.0,0.0,7.0,637.2,-33.611183,-70.574668,2020-03-02 08:56:55,60.0,0
20,0.0,178.0,1.7,32.0,1.0,41.0,115.0,25.0,3.325,20.0,3.317,0.0,57450.2,2758.6,-454.9,-8300.0,-14054.0,-2739.7,-46.4,0.0,-945.8,-307.7,62.0,51.6,68.0,47.2,13.0,79552.5,-26880.5,960.0,948.0,23.0,84.0,18.0,17.0,0.0,0.0,637.7,-33.610583,-70.574835,2020-03-02 08:57:55,60.0,0
21,85.0,178.0,41.0,32.0,1.0,41.0,115.0,25.0,3.324,20.0,3.315,0.0,57450.2,2782.4,-455.1,-8312.2,-14057.2,-2739.7,-46.4,0.0,-946.6,-307.7,62.0,51.6,68.0,47.2,0.0,79629.1,-26896.9,948.0,936.0,23.0,84.0,18.0,17.0,0.0,2.0,637.3,-33.609958,-70.574945,2020-03-02 08:58:55,60.0,0
22,0.0,196.0,30.2,32.0,87.0,41.0,211.0,25.0,3.31,20.0,3.291,0.0,57450.4,2815.7,-455.1,-8328.6,-14088.0,-2739.7,-46.4,0.0,-946.6,-308.0,62.0,51.6,68.0,47.2,0.0,80032.5,-26944.4,936.0,932.0,23.0,84.0,18.0,17.0,0.0,40.0,634.0,-33.60874,-70.575203,2020-03-02 08:59:55,60.0,0
23,0.0,196.0,-100.5,32.0,17.0,41.0,203.0,25.0,3.339,20.0,3.329,0.0,57450.8,2823.0,-464.3,-8542.6,-14174.8,-2739.7,-46.4,0.0,-964.0,-308.9,62.0,51.6,68.0,47.2,24.0,80394.1,-27272.7,896.0,888.0,23.0,84.0,18.0,17.0,0.0,17.0,639.8,-33.605513,-70.576598,2020-03-02 09:00:55,60.0,0
24,0.0,228.0,2.1,32.0,1.0,41.0,116.0,25.0,3.329,20.0,3.32,0.0,57451.1,2845.5,-464.4,-8680.8,-14259.9,-2739.7,-46.4,0.0,-965.7,-308.9,62.0,51.6,68.0,47.2,14.0,80723.9,-27497.8,868.0,876.0,23.0,84.0,18.0,17.0,0.0,0.0,638.4,-33.603369,-70.577005,2020-03-02 09:01:55,60.0,0
25,0.0,228.0,1.3,32.0,1.0,41.0,116.0,25.0,3.33,20.0,3.321,0.0,57451.4,2867.2,-464.6,-8843.3,-14385.5,-2739.7,-46.4,0.0,-965.8,-308.9,62.0,51.6,68.0,47.2,0.0,81173.1,-27786.2,836.0,836.0,23.0,84.0,19.0,17.0,0.0,0.0,638.5,-33.600803,-70.577499,2020-03-02 09:02:55,60.0,0
26,0.0,290.0,1.5,31.0,1.0,41.0,115.0,25.0,3.33,20.0,3.321,0.0,57451.7,2889.1,-465.2,-8914.8,-14591.5,-2739.7,-46.4,0.0,-965.8,-309.8,62.0,51.6,68.0,47.2,0.0,81584.8,-28065.2,804.0,804.0,23.0,84.0,19.0,17.0,0.0,0.0,638.5,-33.598273,-70.578024,2020-03-02 09:03:55,60.0,0
27,0.0,290.0,1.6,31.0,1.0,41.0,105.0,25.0,3.329,20.0,3.321,0.0,57451.7,2889.1,-465.2,-8914.8,-14591.5,-2739.7,-46.4,0.0,-965.8,-309.8,62.0,51.6,68.0,47.2,0.0,81604.7,-28065.2,804.0,804.0,23.0,84.0,19.0,17.0,0.0,0.0,638.4,-33.598273,-70.578024,2020-03-02 09:04:55,60.0,0
28,46.0,286.0,69.0,31.0,247.0,41.0,115.0,25.0,3.315,20.0,3.305,0.0,57452.4,2908.4,-465.4,-9093.3,-14599.2,-2739.7,-46.4,0.0,-982.8,-321.4,62.0,51.6,68.0,47.6,0.0,82418.6,-28280.4,812.0,804.0,23.0,83.0,19.0,17.0,0.0,52.0,635.8,-33.592656,-70.579178,2020-03-02 09:05:55,60.0,0
29,0.0,288.0,1.7,31.0,1.0,41.0,116.0,25.0,3.33,20.0,3.321,0.0,57452.7,2908.4,-468.5,-9191.4,-14791.7,-2749.8,-46.4,0.0,-1002.3,-324.8,62.0,51.6,68.0,47.2,15.0,82538.5,-28606.9,788.0,788.0,23.0,84.0,19.0,17.0,0.0,0.0,638.5,-33.589488,-70.579748,2020-03-02 09:06:55,60.0,0
30,0.0,462.0,-261.9,27.0,81.0,41.0,203.0,25.0,3.374,20.0,3.35,0.0,57454.8,3020.2,-481.5,-9722.7,-15798.4,-2858.1,-46.4,0.0,-1026.7,-336.7,62.0,51.6,68.0,47.2,27.0,85422.8,-30302.4,804.0,804.0,23.0,83.0,20.0,18.0,0.0,32.0,644.6,-33.57222,-70.58318,2020-03-02 09:12:55,360.0,0
31,0.0,482.0,4.5,27.0,1.0,41.0,115.0,25.0,3.33,21.0,3.322,0.0,57455.3,3038.0,-483.3,-9903.6,-16039.0,-2918.5,-46.4,0.0,-1032.7,-337.6,62.0,51.6,68.0,47.2,14.0,85998.8,-30793.1,772.0,772.0,23.0,83.0,20.0,18.0,0.0,0.0,638.7,-33.568475,-70.583911,2020-03-02 09:13:55,60.0,0
32,69.0,482.0,12.4,27.0,1.0,41.0,115.0,25.0,3.32,21.0,3.311,0.0,57455.8,3056.2,-483.3,-9903.6,-16039.0,-2918.5,-46.4,0.0,-1036.3,-339.0,62.0,51.6,68.0,47.2,0.0,86570.7,-30798.0,1000.0,1000.0,23.0,83.0,20.0,18.0,0.0,54.0,636.7,-33.56433,-70.584677,2020-03-02 09:14:55,60.0,0
33,0.0,472.0,-22.9,27.0,8.0,41.0,203.0,25.0,3.336,21.0,3.329,0.0,57456.3,3075.0,-492.3,-9964.6,-16401.8,-2990.9,-46.4,0.0,-1036.3,-340.8,62.0,51.6,68.0,47.2,18.0,86954.8,-31305.0,912.0,908.0,23.0,83.0,20.0,18.0,0.0,4.0,639.1,-33.559784,-70.585499,2020-03-02 09:15:55,60.0,0
34,0.0,472.0,0.0,27.0,1.0,41.0,106.0,25.0,3.32,21.0,3.314,0.0,57456.6,3093.6,-494.7,-10032.6,-16401.8,-2990.9,-46.4,0.0,-1040.3,-341.7,62.0,51.6,68.0,47.2,15.0,87430.4,-31381.8,896.0,896.0,23.0,83.0,20.0,18.0,0.0,44.0,636.9,-33.557566,-70.5859,2020-03-02 09:16:55,60.0,0
35,0.0,472.0,1.6,27.0,1.0,41.0,115.0,25.0,3.33,21.0,3.321,0.0,57457.0,3111.3,-495.4,-10194.0,-16659.9,-2990.9,-46.4,0.0,-1044.3,-346.0,62.0,51.6,68.0,48.0,13.0,87689.8,-31810.5,828.0,816.0,23.0,83.0,20.0,18.0,0.0,0.0,638.5,-33.553753,-70.58646,2020-03-02 09:17:55,60.0,0
36,86.0,472.0,100.0,27.0,21.0,41.0,81.0,25.0,3.306,21.0,3.291,0.0,57457.4,3130.5,-500.6,-10237.2,-16659.9,-2990.9,-46.4,0.0,-1067.1,-352.7,62.0,51.6,68.0,47.2,0.0,88322.0,-31888.3,812.0,816.0,23.0,83.0,20.0,18.0,0.0,53.0,634.2,-33.550283,-70.587138,2020-03-02 09:18:55,60.0,0
37,55.0,500.0,58.6,27.0,1.0,41.0,116.0,25.0,3.316,21.0,3.309,0.0,57458.0,3151.8,-519.2,-10382.4,-16818.0,-3009.1,-46.4,0.0,-1067.3,-353.7,62.0,51.6,68.0,47.2,0.0,88879.8,-32229.7,916.0,916.0,23.0,83.0,20.0,18.0,0.0,53.0,634.9,-33.545757,-70.588222,2020-03-02 09:19:55,60.0,0
38,10.0,500.0,-7.2,27.0,1.0,41.0,116.0,25.0,3.324,21.0,3.315,0.0,57458.4,3173.6,-528.4,-10497.8,-17074.5,-3009.1,-46.4,0.0,-1081.4,-354.4,62.0,51.6,68.0,47.2,0.0,89329.0,-32625.7,988.0,984.0,23.0,82.0,20.0,18.0,0.0,47.0,637.4,-33.54213,-70.589893,2020-03-02 09:20:55,60.0,0
39,33.0,500.0,49.0,27.0,138.0,41.0,115.0,25.0,3.317,21.0,3.309,0.0,57458.9,3193.8,-529.7,-10653.7,-17206.3,-3009.1,-46.4,0.0,-1096.4,-357.6,62.0,51.6,68.0,47.2,0.0,89766.7,-32933.0,952.0,960.0,23.0,82.0,20.0,18.0,0.0,49.0,636.1,-33.538671,-70.591435,2020-03-02 09:21:55,60.0,0
40,0.0,500.0,10.5,27.0,1.0,41.0,115.0,25.0,3.329,21.0,3.32,0.0,57459.2,3216.5,-530.1,-10883.0,-17323.2,-3009.1,-46.4,0.0,-1109.7,-360.9,62.0,51.6,68.0,47.2,0.0,89908.6,-33295.9,920.0,916.0,23.0,83.0,20.0,18.0,0.0,9.0,638.3,-33.536295,-70.592456,2020-03-02 09:22:55,60.0,0
41,0.0,500.0,-163.1,27.0,33.0,41.0,203.0,25.0,3.362,21.0,3.342,0.0,57459.9,3218.2,-536.9,-11172.2,-17386.6,-3009.1,-46.4,0.0,-1129.6,-368.9,62.0,51.6,68.0,48.0,20.0,90575.7,-33683.3,908.0,908.0,23.0,82.0,20.0,18.0,0.0,32.0,642.5,-33.530949,-70.594861,2020-03-02 09:23:55,60.0,0
42,100.0,500.0,231.9,27.0,224.0,41.0,129.0,25.0,3.303,21.0,3.28,0.0,57459.9,3238.0,-536.9,-11200.5,-17508.9,-3009.1,-46.4,0.0,-1129.6,-368.9,62.0,51.6,68.0,47.2,0.0,90723.3,-33833.9,876.0,868.0,23.0,82.0,21.0,18.0,0.0,28.0,632.7,-33.530434,-70.595083,2020-03-02 09:24:55,60.0,0
43,0.0,500.0,1.5,27.0,1.0,41.0,60.0,25.0,3.33,21.0,3.322,0.0,57460.3,3238.0,-537.9,-11404.4,-17685.1,-3009.1,-46.4,0.0,-1136.4,-369.9,62.0,51.6,68.0,47.2,14.0,91169.4,-34222.8,816.0,816.0,23.0,82.0,21.0,19.0,0.0,0.0,638.5,-33.527587,-70.59629,2020-03-02 09:25:55,60.0,0
44,70.0,500.0,11.9,26.0,1.0,41.0,116.0,25.0,3.317,21.0,3.31,0.0,57460.7,3279.5,-537.9,-11417.0,-17713.2,-3041.2,-46.4,0.0,-1142.5,-370.2,62.0,51.6,68.0,47.2,0.0,91919.4,-34302.0,972.0,972.0,23.0,82.0,21.0,19.0,0.0,54.0,636.2,-33.524495,-70.59759,2020-03-02 09:26:55,60.0,0
45,64.0,500.0,191.4,27.0,224.0,41.0,81.0,25.0,3.305,21.0,3.289,0.0,57460.8,3299.0,-537.9,-11460.7,-17973.3,-3070.4,-46.4,0.0,-1144.3,-370.8,62.0,51.6,68.0,47.2,0.0,92044.0,-34637.6,948.0,948.0,23.0,82.0,21.0,19.0,0.0,20.0,633.6,-33.523095,-70.598182,2020-03-02 09:27:55,60.0,0
46,0.0,500.0,-199.1,26.0,81.0,41.0,106.0,25.0,3.357,21.0,3.337,0.0,57461.2,3324.1,-538.1,-11617.7,-18145.2,-3070.4,-46.4,0.0,-1152.3,-373.0,62.0,51.6,68.0,47.2,21.0,92668.8,-34976.8,908.0,908.0,23.0,82.0,21.0,19.0,0.0,33.0,642.1,-33.520055,-70.599681,2020-03-02 09:28:55,60.0,0
47,0.0,500.0,1.6,24.0,1.0,41.0,115.0,25.0,3.329,21.0,3.32,0.0,57461.5,3345.6,-538.1,-11742.3,-18421.3,-3070.4,-46.4,0.0,-1152.3,-373.2,62.0,51.6,68.0,47.2,12.0,93087.9,-35377.7,816.0,824.0,23.0,82.0,21.0,19.0,0.0,0.0,638.3,-33.518135,-70.601197,2020-03-02 09:29:55,60.0,0
48,100.0,500.0,83.4,26.0,83.0,41.0,129.0,25.0,3.321,21.0,3.31,0.0,57461.5,3359.5,-538.1,-11742.3,-18421.3,-3070.4,-46.4,0.0,-1152.3,-373.2,62.0,51.6,68.0,47.2,0.0,93164.1,-35377.7,824.0,828.0,23.0,82.0,21.0,19.0,0.0,18.0,636.8,-33.518135,-70.601197,2020-03-02 09:30:55,60.0,0
49,0.0,500.0,-234.8,26.0,81.0,41.0,203.0,25.0,3.36,21.0,3.34,0.0,57462.3,3359.5,-542.0,-11807.5,-18421.3,-3070.4,-46.4,0.0,-1170.1,-378.8,62.0,51.6,68.0,47.2,20.0,93708.1,-35470.4,816.0,816.0,23.0,82.0,21.0,19.0,0.0,47.0,642.4,-33.512765,-70.606764,2020-03-02 09:31:55,60.0,0
50,0.0,500.0,5.0,24.0,1.0,41.0,105.0,25.0,3.335,21.0,3.328,0.0,57462.9,3381.9,-547.8,-11901.9,-18725.1,-3217.1,-46.4,0.0,-1170.1,-378.9,62.0,51.6,68.0,47.6,16.0,94273.4,-36021.3,1000.0,1000.0,23.0,82.0,21.0,19.0,0.0,1.0,639.2,-33.509351,-70.610908,2020-03-02 09:32:55,60.0,0
51,0.0,500.0,1.7,24.0,1.0,41.0,115.0,25.0,3.329,21.0,3.32,0.0,57463.0,3396.4,-547.8,-11914.6,-18811.4,-3217.1,-46.4,0.0,-1170.1,-378.9,62.0,51.6,68.0,47.2,0.0,94466.7,-36120.2,880.0,872.0,23.0,82.0,21.0,19.0,0.0,0.0,638.3,-33.508679,-70.6118,2020-03-02 09:33:55,60.0,0
52,0.0,500.0,1.6,26.0,7.0,41.0,105.0,25.0,3.33,21.0,3.321,0.0,57463.0,3396.4,-547.8,-11914.6,-18811.4,-3217.1,-46.4,0.0,-1170.1,-378.9,62.0,51.6,68.0,47.2,0.0,94485.5,-36120.2,880.0,872.0,23.0,82.0,21.0,19.0,0.0,0.0,638.4,-33.508679,-70.6118,2020-03-02 09:34:55,60.0,0
53,0.0,482.0,1.9,24.0,1.0,41.0,116.0,25.0,3.33,21.0,3.322,0.0,57463.3,3417.3,-548.2,-11973.5,-18994.3,-3217.1,-46.4,0.0,-1182.2,-388.7,62.0,51.6,68.0,47.2,15.0,94932.1,-36384.3,836.0,840.0,23.0,82.0,21.0,19.0,0.0,2.0,638.6,-33.507453,-70.613427,2020-03-02 09:35:55,60.0,0
54,75.0,482.0,2.4,22.0,1.0,41.0,106.0,25.0,3.329,21.0,3.32,0.0,57463.6,3439.1,-553.8,-12037.4,-19214.1,-3238.6,-46.4,0.0,-1182.5,-388.7,62.0,51.6,68.0,47.2,0.0,95438.5,-36695.3,788.0,788.0,23.0,82.0,21.0,19.0,0.0,0.0,638.3,-33.504479,-70.614838,2020-03-02 09:36:55,60.0,0
55,0.0,466.0,18.1,22.0,1.0,41.0,115.0,25.0,3.328,21.0,3.32,0.0,57464.1,3472.4,-556.5,-12219.8,-19357.9,-3238.6,-46.4,0.0,-1186.7,-390.0,62.0,51.6,68.0,47.2,0.0,95918.4,-37029.7,748.0,744.0,23.0,82.0,21.0,20.0,0.0,1.0,638.0,-33.500934,-70.615579,2020-03-02 09:37:55,60.0,0
56,0.0,466.0,-114.6,22.0,33.0,41.0,203.0,25.0,3.346,21.0,3.334,0.0,57464.3,3544.9,-564.1,-12344.1,-19436.7,-3238.6,-46.4,0.0,-1193.2,-391.7,62.0,51.6,68.0,47.2,21.0,96400.4,-37250.5,984.0,976.0,23.0,82.0,21.0,20.0,0.0,17.0,640.8,-33.49902,-70.615788,2020-03-02 09:38:55,60.0,0
57,90.0,450.0,2.8,22.0,138.0,41.0,115.0,25.0,3.32,21.0,3.312,0.0,57464.9,3564.2,-564.7,-12371.0,-19448.9,-3238.6,-46.4,0.0,-1194.9,-392.5,62.0,51.6,68.0,47.6,0.0,96929.5,-37292.8,960.0,960.0,23.0,82.0,21.0,20.0,0.0,55.0,636.8,-33.494602,-70.616879,2020-03-02 09:39:55,60.0,0
58,0.0,452.0,2.0,22.0,1.0,41.0,116.0,25.0,3.33,21.0,3.322,0.0,57465.2,3564.2,-564.8,-12414.9,-19784.3,-3238.6,-46.4,0.0,-1196.0,-393.3,62.0,51.6,68.0,48.0,9.0,96945.6,-37674.1,936.0,936.0,23.0,82.0,21.0,20.0,0.0,1.0,638.7,-33.49186,-70.617375,2020-03-02 09:40:55,60.0,0
59,0.0,500.0,-30.6,22.0,4.0,41.0,203.0,25.0,3.34,21.0,3.333,0.0,57465.7,3587.3,-565.2,-12576.7,-19927.1,-3238.6,-46.4,0.0,-1202.9,-398.5,62.0,51.6,68.0,47.2,19.0,97428.2,-37992.5,900.0,908.0,23.0,82.0,21.0,20.0,0.0,6.0,640.2,-33.48743,-70.618477,2020-03-02 09:41:55,60.0,0
60,0.0,500.0,2.0,22.0,1.0,41.0,60.0,25.0,3.329,21.0,3.32,0.0,57465.9,3630.6,-565.2,-12655.9,-20019.2,-3238.6,-46.4,0.0,-1203.1,-398.6,62.0,51.6,68.0,47.2,16.0,97795.3,-38164.0,824.0,824.0,23.0,82.0,21.0,20.0,0.0,1.0,638.2,-33.485932,-70.619096,2020-03-02 09:42:55,60.0,0
61,77.0,480.0,160.7,22.0,247.0,41.0,129.0,25.0,3.312,21.0,3.3,0.0,57465.9,3651.3,-565.2,-12655.9,-20019.2,-3238.6,-46.4,0.0,-1203.1,-398.6,62.0,51.6,68.0,47.2,0.0,97994.6,-38164.0,828.0,828.0,23.0,82.0,21.0,20.0,0.0,32.0,633.7,-33.485617,-70.619315,2020-03-02 09:43:55,60.0,0
62,75.0,480.0,170.9,22.0,224.0,41.0,115.0,25.0,3.31,21.0,3.297,0.0,57466.6,3659.3,-566.0,-12742.4,-20228.0,-3238.6,-46.4,0.0,-1207.6,-400.8,62.0,51.6,68.0,47.2,0.0,98747.5,-38466.8,816.0,816.0,23.0,82.0,21.0,20.0,0.0,49.0,632.4,-33.480798,-70.621448,2020-03-02 09:44:55,60.0,0
63,0.0,466.0,7.8,22.0,1.0,41.0,115.0,25.0,3.325,21.0,3.317,0.0,57466.9,3682.2,-586.9,-12842.5,-20356.7,-3238.6,-46.4,0.0,-1214.3,-401.5,62.0,51.6,68.0,47.2,11.0,98911.9,-38726.3,944.0,940.0,23.0,82.0,21.0,20.0,0.0,0.0,637.8,-33.478361,-70.622077,2020-03-02 09:45:55,60.0,0
64,100.0,462.0,49.3,22.0,1.0,41.0,115.0,25.0,3.308,21.0,3.296,0.0,57467.1,3702.1,-586.9,-12845.3,-20356.7,-3238.6,-46.4,0.0,-1217.3,-401.6,62.0,51.6,68.0,47.2,0.0,99511.2,-38732.2,988.0,984.0,23.0,81.0,21.0,20.0,0.0,53.0,634.2,-33.476598,-70.622607,2020-03-02 09:46:55,60.0,0
65,42.0,368.0,20.4,22.0,1.0,41.0,115.0,25.0,3.31,21.0,3.3,0.0,57467.8,3706.4,-587.7,-13067.5,-20458.0,-3238.6,-46.4,0.0,-1223.5,-403.9,62.0,51.6,68.0,47.2,0.0,100081.5,-39065.4,972.0,972.0,23.0,81.0,21.0,20.0,0.0,45.0,634.2,-33.47091,-70.6239,2020-03-02 09:47:55,60.0,0
66,85.0,368.0,160.1,32.0,224.0,41.0,115.0,26.0,3.299,21.0,3.285,0.0,57468.3,3726.7,-588.0,-13190.5,-20573.7,-3265.9,-46.4,0.0,-1233.9,-411.5,62.0,51.6,68.0,47.2,0.0,100866.2,-39349.5,908.0,904.0,23.0,81.0,21.0,20.0,0.0,50.0,631.6,-33.466826,-70.626561,2020-03-02 09:48:55,60.0,0
67,0.0,386.0,-118.2,32.0,1.0,41.0,60.0,26.0,3.315,21.0,3.306,0.0,57469.2,3726.7,-608.6,-13238.5,-20581.0,-3265.9,-46.4,0.0,-1241.7,-416.0,62.0,51.6,68.0,47.2,22.0,101573.4,-39437.8,880.0,880.0,23.0,81.0,21.0,20.0,0.0,41.0,637.4,-33.459711,-70.628657,2020-03-02 09:49:55,60.0,0
68,0.0,386.0,1.5,32.0,1.0,41.0,60.0,26.0,3.32,21.0,3.312,0.0,57469.6,3747.9,-608.7,-13369.5,-20793.3,-3328.8,-46.4,0.0,-1241.8,-416.9,62.0,51.6,68.0,47.2,16.0,102244.1,-39844.9,788.0,788.0,23.0,81.0,21.0,20.0,0.0,0.0,636.8,-33.456115,-70.629717,2020-03-02 09:50:55,60.0,0
69,100.0,288.0,192.2,32.0,224.0,41.0,81.0,26.0,3.294,21.0,3.275,0.0,57469.7,3794.7,-608.7,-13383.4,-20793.3,-3328.8,-46.4,0.0,-1241.8,-416.9,62.0,51.6,68.0,48.0,0.0,102676.7,-39858.8,1000.0,1000.0,23.0,81.0,21.0,20.0,0.0,38.0,630.8,-33.455314,-70.629915,2020-03-02 09:51:55,60.0,0
70,62.0,286.0,64.8,32.0,224.0,41.0,115.0,26.0,3.3,21.0,3.29,0.0,57470.2,3821.2,-608.7,-13448.6,-20934.2,-3328.8,-46.4,0.0,-1242.3,-417.8,62.0,51.6,68.0,47.6,0.0,103556.2,-40066.6,988.0,988.0,23.0,80.0,21.0,20.0,0.0,53.0,632.9,-33.451139,-70.631187,2020-03-02 09:52:55,60.0,0
71,100.0,252.0,111.0,32.0,224.0,41.0,81.0,26.0,3.29,21.0,3.27,0.0,57470.7,3842.1,-609.0,-13489.2,-21143.8,-3349.1,-46.4,0.0,-1252.8,-419.3,62.0,51.6,68.0,47.2,0.0,104211.0,-40349.3,920.0,928.0,23.0,80.0,21.0,20.0,0.0,45.0,631.0,-33.447291,-70.632328,2020-03-02 09:53:55,60.0,0
72,0.0,252.0,1.6,30.0,1.0,41.0,60.0,26.0,3.317,21.0,3.31,0.0,57471.1,3842.1,-614.2,-13613.5,-21284.7,-3382.7,-46.4,0.0,-1282.1,-428.2,62.0,51.6,68.0,47.2,15.0,104769.5,-40691.7,856.0,856.0,23.0,80.0,22.0,20.0,0.0,0.0,636.3,-33.443817,-70.633309,2020-03-02 09:54:55,60.0,0
73,100.0,246.0,64.5,30.0,224.0,41.0,60.0,26.0,3.308,21.0,3.297,0.0,57471.5,3869.0,-614.2,-13613.5,-21284.7,-3382.7,-46.4,0.0,-1283.7,-429.1,62.0,51.6,68.0,47.2,0.0,105454.6,-40694.2,832.0,828.0,23.0,80.0,22.0,20.0,0.0,53.0,633.0,-33.441098,-70.63414,2020-03-02 09:55:55,60.0,0
74,0.0,246.0,7.6,30.0,1.0,41.0,60.0,26.0,3.319,21.0,3.31,0.0,57471.9,3869.0,-621.4,-13872.4,-21337.9,-3382.7,-46.4,0.0,-1301.9,-432.6,62.0,51.6,68.0,48.0,17.0,105800.9,-41036.6,828.0,824.0,23.0,80.0,22.0,21.0,0.0,0.0,636.4,-33.437739,-70.634988,2020-03-02 09:56:55,60.0,0
75,28.0,266.0,11.5,30.0,1.0,41.0,60.0,26.0,3.319,21.0,3.31,0.0,57471.9,3901.5,-622.3,-13909.3,-21338.7,-3382.7,-46.4,0.0,-1302.9,-432.6,62.0,51.6,68.0,47.2,0.0,106010.5,-41077.6,952.0,948.0,23.0,80.0,22.0,21.0,0.0,2.0,636.6,-33.437074,-70.635267,2020-03-02 09:57:55,60.0,0
76,0.0,266.0,-12.4,30.0,1.0,41.0,60.0,26.0,3.325,21.0,3.315,0.0,57472.4,3923.0,-627.0,-14093.8,-21403.1,-3382.7,-46.4,0.0,-1318.3,-432.9,62.0,51.6,68.0,48.0,16.0,106519.9,-41350.6,912.0,908.0,23.0,80.0,22.0,21.0,0.0,14.0,637.4,-33.435719,-70.638797,2020-03-02 09:58:55,60.0,0
77,0.0,240.0,1.6,30.0,1.0,41.0,60.0,26.0,3.325,21.0,3.315,0.0,57472.4,3925.7,-631.4,-14104.9,-21403.1,-3382.7,-46.4,0.0,-1319.0,-432.9,62.0,51.6,68.0,47.2,0.0,106555.0,-41366.9,840.0,840.0,23.0,80.0,22.0,21.0,0.0,0.0,637.4,-33.43607,-70.639152,2020-03-02 09:59:55,60.0,0
78,0.0,240.0,1.6,30.0,1.0,41.0,60.0,26.0,3.325,21.0,3.317,0.0,57472.4,3925.7,-631.4,-14104.9,-21403.1,-3382.7,-46.4,0.0,-1319.0,-432.9,62.0,51.6,68.0,47.2,17.0,106573.8,-41366.9,852.0,840.0,23.0,80.0,22.0,21.0,0.0,0.0,637.7,-33.43607,-70.639152,2020-03-02 10:00:55,60.0,0
79,0.0,242.0,1.6,30.0,1.0,41.0,60.0,26.0,3.326,21.0,3.317,0.0,57472.5,3941.5,-631.4,-14111.7,-21403.1,-3382.7,-46.4,0.0,-1319.0,-432.9,62.0,51.6,68.0,47.2,0.0,106624.6,-41373.7,816.0,816.0,23.0,80.0,22.0,21.0,0.0,0.0,637.8,-33.43607,-70.639152,2020-03-02 10:01:55,60.0,0
80,0.0,242.0,1.6,30.0,1.0,41.0,60.0,26.0,3.326,21.0,3.319,0.0,57472.5,3941.5,-631.4,-14111.7,-21403.1,-3382.7,-46.4,0.0,-1319.0,-432.9,62.0,51.6,68.0,47.2,0.0,106643.3,-41373.7,824.0,816.0,23.0,80.0,22.0,21.0,0.0,0.0,638.0,-33.43607,-70.639152,2020-03-02 10:02:55,60.0,0
81,0.0,242.0,1.5,30.0,1.0,41.0,60.0,26.0,3.328,21.0,3.32,0.0,57472.5,3941.5,-631.4,-14111.7,-21403.1,-3382.7,-46.4,0.0,-1319.0,-432.9,62.0,51.6,68.0,47.2,0.0,106662.1,-41373.7,824.0,816.0,23.0,80.0,22.0,21.0,0.0,0.0,638.2,-33.43607,-70.639152,2020-03-02 10:03:55,60.0,0
82,0.0,242.0,1.5,30.0,1.0,41.0,60.0,26.0,3.329,21.0,3.32,0.0,57472.5,3941.5,-631.4,-14111.7,-21403.1,-3382.7,-46.4,0.0,-1319.0,-432.9,62.0,51.6,68.0,47.2,0.0,106680.8,-41373.7,828.0,816.0,23.0,80.0,22.0,21.0,0.0,0.0,638.3,-33.43607,-70.639152,2020-03-02 10:04:55,60.0,0
83,0.0,242.0,1.4,30.0,1.0,41.0,60.0,26.0,3.329,21.0,3.32,0.0,57472.5,3941.5,-631.4,-14111.7,-21403.1,-3382.7,-46.4,0.0,-1319.0,-432.9,62.0,51.6,68.0,47.2,0.0,106699.6,-41373.7,820.0,816.0,23.0,80.0,22.0,21.0,0.0,0.0,638.4,-33.43607,-70.639152,2020-03-02 10:05:55,60.0,0
84,0.0,242.0,1.5,30.0,1.0,41.0,60.0,26.0,3.33,21.0,3.321,0.0,57472.5,3941.5,-631.4,-14111.7,-21403.1,-3382.7,-46.4,0.0,-1319.0,-432.9,62.0,51.6,68.0,47.2,0.0,106718.3,-41373.7,816.0,816.0,23.0,80.0,22.0,21.0,0.0,0.0,638.4,-33.43607,-70.639152,2020-03-02 10:06:55,60.0,0
85,0.0,242.0,1.5,30.0,1.0,41.0,60.0,26.0,3.33,21.0,3.321,0.0,57472.5,3941.5,-631.4,-14111.7,-21403.1,-3382.7,-46.4,0.0,-1319.0,-432.9,62.0,51.6,68.0,47.2,0.0,106737.1,-41373.7,816.0,816.0,23.0,80.0,22.0,21.0,0.0,0.0,638.5,-33.43607,-70.639152,2020-03-02 10:07:55,60.0,0
86,0.0,242.0,1.4,30.0,1.0,41.0,116.0,26.0,3.33,21.0,3.321,0.0,57472.5,3941.5,-631.4,-14111.7,-21403.1,-3382.7,-46.4,0.0,-1319.0,-432.9,62.0,51.6,68.0,47.2,0.0,106755.8,-41373.7,816.0,816.0,23.0,80.0,22.0,21.0,0.0,0.0,638.6,-33.43607,-70.639152,2020-03-02 10:08:55,60.0,0
87,0.0,242.0,1.5,30.0,1.0,41.0,60.0,26.0,3.33,21.0,3.322,0.0,57472.5,3941.5,-631.4,-14111.7,-21403.1,-3382.7,-46.4,0.0,-1319.0,-432.9,62.0,51.6,68.0,47.2,0.0,106774.6,-41373.7,816.0,816.0,23.0,80.0,22.0,21.0,0.0,0.0,638.7,-33.43607,-70.639152,2020-03-02 10:09:55,60.0,0
88,0.0,242.0,7.6,30.0,1.0,41.0,60.0,26.0,3.329,21.0,3.32,0.0,57472.5,3959.1,-631.4,-14120.6,-21416.2,-3382.7,-46.4,0.0,-1319.0,-432.9,62.0,51.6,68.0,47.6,0.0,106860.5,-41395.6,828.0,828.0,23.0,80.0,22.0,21.0,0.0,0.0,638.4,-33.436456,-70.639265,2020-03-02 10:10:55,60.0,0
89,0.0,242.0,1.5,30.0,1.0,41.0,60.0,26.0,3.33,21.0,3.322,0.0,57472.5,3959.1,-631.4,-14120.6,-21416.2,-3382.7,-46.4,0.0,-1319.0,-432.9,62.0,51.6,68.0,47.6,0.0,106909.7,-41395.6,1000.0,1000.0,23.0,80.0,22.0,21.0,0.0,0.0,638.6,-33.436456,-70.639265,2020-03-02 10:11:55,60.0,0
90,0.0,242.0,1.5,30.0,1.0,41.0,60.0,26.0,3.33,21.0,3.322,0.0,57472.5,3959.1,-631.4,-14120.6,-21416.2,-3382.7,-46.4,0.0,-1319.0,-432.9,62.0,51.6,68.0,47.6,0.0,106928.4,-41395.6,960.0,952.0,23.0,80.0,22.0,21.0,0.0,0.0,638.7,-33.436456,-70.639265,2020-03-02 10:12:55,60.0,0
91,0.0,242.0,1.4,30.0,1.0,41.0,60.0,26.0,3.33,21.0,3.324,0.0,57472.5,3959.1,-631.4,-14120.6,-21416.2,-3382.7,-46.4,0.0,-1319.0,-432.9,62.0,51.6,68.0,47.6,0.0,106947.2,-41395.6,920.0,920.0,23.0,80.0,22.0,21.0,0.0,0.0,638.8,-33.436456,-70.639265,2020-03-02 10:13:55,60.0,0
92,0.0,242.0,1.4,30.0,1.0,41.0,60.0,26.0,3.331,21.0,3.324,0.0,57472.5,3959.1,-631.4,-14120.6,-21416.2,-3382.7,-46.4,0.0,-1319.0,-432.9,62.0,51.6,68.0,47.6,0.0,106965.9,-41395.6,920.0,920.0,23.0,80.0,22.0,21.0,0.0,0.0,638.8,-33.436456,-70.639265,2020-03-02 10:14:55,60.0,0
93,0.0,242.0,1.4,30.0,1.0,41.0,60.0,26.0,3.331,21.0,3.324,0.0,57472.5,3959.1,-631.4,-14120.6,-21416.2,-3382.7,-46.4,0.0,-1319.0,-432.9,62.0,51.6,68.0,47.6,0.0,106984.7,-41395.6,920.0,920.0,23.0,80.0,22.0,21.0,0.0,0.0,638.8,-33.436456,-70.639265,2020-03-02 10:15:55,60.0,0
94,0.0,242.0,1.4,30.0,1.0,41.0,60.0,26.0,3.331,21.0,3.324,0.0,57472.5,3959.1,-631.4,-14120.6,-21416.2,-3382.7,-46.4,0.0,-1319.0,-432.9,62.0,51.6,68.0,47.6,0.0,107003.4,-41395.6,920.0,920.0,23.0,80.0,22.0,21.0,0.0,0.0,638.9,-33.436456,-70.639265,2020-03-02 10:16:55,60.0,0
95,0.0,242.0,1.5,30.0,1.0,41.0,60.0,26.0,3.331,21.0,3.325,0.0,57472.5,3959.1,-631.4,-14120.6,-21416.2,-3382.7,-46.4,0.0,-1319.0,-432.9,62.0,51.6,68.0,47.6,0.0,107022.2,-41395.6,920.0,920.0,23.0,80.0,22.0,21.0,0.0,0.0,638.9,-33.436456,-70.639265,2020-03-02 10:17:55,60.0,0
96,0.0,242.0,1.5,30.0,1.0,41.0,60.0,26.0,3.333,21.0,3.325,0.0,57472.5,3959.1,-631.4,-14120.6,-21416.2,-3382.7,-46.4,0.0,-1319.0,-432.9,62.0,51.6,68.0,47.6,0.0,107040.9,-41395.6,920.0,920.0,23.0,80.0,22.0,21.0,0.0,0.0,639.0,-33.436456,-70.639265,2020-03-02 10:18:55,60.0,0
97,0.0,242.0,1.5,30.0,1.0,41.0,116.0,26.0,3.331,21.0,3.324,0.0,57472.5,3959.1,-631.4,-14120.6,-21416.2,-3382.7,-46.4,0.0,-1319.0,-432.9,62.0,51.6,68.0,47.6,0.0,107059.7,-41395.6,920.0,920.0,23.0,80.0,22.0,21.0,0.0,0.0,639.0,-33.436456,-70.639265,2020-03-02 10:19:55,60.0,0
98,0.0,242.0,1.5,30.0,1.0,41.0,60.0,26.0,3.331,21.0,3.325,0.0,57472.5,3959.1,-631.4,-14120.6,-21416.2,-3382.7,-46.4,0.0,-1319.0,-432.9,62.0,51.6,68.0,47.6,0.0,107078.4,-41395.6,920.0,920.0,23.0,80.0,22.0,21.0,0.0,0.0,639.0,-33.436456,-70.639265,2020-03-02 10:20:55,60.0,0
99,53.0,242.0,125.9,30.0,1.0,41.0,115.0,26.0,3.321,21.0,3.31,0.0,57472.6,4007.1,-631.4,-14121.0,-21417.0,-3382.7,-46.4,0.0,-1319.0,-432.9,62.0,51.6,68.0,47.2,0.0,107212.6,-41396.9,868.0,868.0,23.0,80.0,22.0,21.0,0.0,18.0,635.7,-33.436859,-70.638952,2020-03-02 10:21:55,60.0,0
100,0.0,242.0,1.5,30.0,1.0,41.0,60.0,26.0,3.328,21.0,3.32,0.0,57472.8,4010.3,-633.6,-14153.4,-21428.0,-3382.7,-46.4,0.0,-1334.4,-432.9,62.0,51.6,68.0,47.2,14.0,107502.6,-41457.7,820.0,816.0,23.0,80.0,23.0,21.0,0.0,0.0,638.2,-33.437153,-70.636931,2020-03-02 10:22:55,60.0,0
101,100.0,242.0,203.5,30.0,224.0,41.0,81.0,26.0,3.304,21.0,3.285,0.0,57473.0,4030.1,-637.1,-14178.4,-21460.4,-3382.7,-46.4,0.0,-1345.4,-434.6,62.0,51.6,68.0,47.2,0.0,107827.6,-41531.3,808.0,804.0,23.0,80.0,23.0,21.0,0.0,30.0,633.1,-33.438484,-70.636284,2020-03-02 10:23:55,60.0,0
102,100.0,242.0,60.3,27.0,224.0,41.0,115.0,26.0,3.304,21.0,3.292,0.0,57473.5,4035.2,-651.6,-14256.0,-21527.6,-3441.5,-46.4,0.0,-1375.7,-443.0,62.0,51.6,68.0,47.2,0.0,108803.9,-41788.8,960.0,952.0,23.0,80.0,23.0,21.0,0.0,52.0,633.8,-33.441625,-70.6341,2020-03-02 10:24:55,60.0,0
103,0.0,242.0,2.0,27.0,1.0,41.0,60.0,26.0,3.329,21.0,3.32,0.0,57474.2,4045.9,-656.2,-14374.8,-21953.0,-3446.3,-46.4,0.0,-1389.4,-452.8,62.0,51.6,68.0,47.2,16.0,109392.0,-42366.0,960.0,960.0,23.0,80.0,23.0,21.0,0.0,0.0,638.1,-33.447188,-70.63241,2020-03-02 10:25:55,60.0,0
104,0.0,240.0,-19.3,27.0,8.0,41.0,60.0,26.0,3.339,22.0,3.329,0.0,57474.7,4063.3,-659.7,-14493.3,-22141.4,-3446.3,-46.4,0.0,-1402.4,-463.7,62.0,51.6,68.0,47.2,19.0,109942.6,-42700.3,936.0,936.0,23.0,79.0,23.0,21.0,0.0,11.0,639.2,-33.45155,-70.6311,2020-03-02 10:26:55,60.0,0
105,0.0,240.0,1.5,27.0,1.0,41.0,60.0,26.0,3.328,22.0,3.319,0.0,57475.1,4081.7,-670.7,-14601.7,-22312.9,-3446.3,-46.4,0.0,-1402.4,-464.3,62.0,51.6,68.0,47.2,0.0,110413.5,-42991.8,872.0,868.0,23.0,79.0,24.0,22.0,0.0,0.0,638.1,-33.454638,-70.630171,2020-03-02 10:27:55,60.0,0
106,0.0,240.0,1.4,27.0,1.0,41.0,60.0,26.0,3.326,22.0,3.319,0.0,57475.1,4081.7,-670.7,-14601.7,-22312.9,-3446.3,-46.4,0.0,-1402.4,-464.3,62.0,51.6,68.0,47.2,0.0,110432.2,-42991.8,868.0,868.0,23.0,79.0,24.0,22.0,0.0,0.0,638.0,-33.454638,-70.630171,2020-03-02 10:28:55,60.0,0
107,0.0,240.0,1.6,27.0,1.0,41.0,60.0,26.0,3.329,21.0,3.32,0.0,57475.1,4081.7,-670.7,-14601.7,-22312.9,-3446.3,-46.4,0.0,-1402.4,-464.3,62.0,51.6,68.0,47.2,0.0,110451.0,-42991.8,868.0,868.0,23.0,79.0,24.0,22.0,0.0,0.0,638.2,-33.454638,-70.630171,2020-03-02 10:29:55,60.0,0
108,0.0,240.0,1.6,27.0,1.0,41.0,60.0,26.0,3.329,21.0,3.32,0.0,57475.1,4081.7,-670.7,-14601.7,-22312.9,-3446.3,-46.4,0.0,-1402.4,-464.3,62.0,51.6,68.0,47.2,0.0,110469.7,-42991.8,872.0,876.0,23.0,79.0,25.0,22.0,0.0,0.0,638.3,-33.454638,-70.630171,2020-03-02 10:30:55,60.0,0
109,0.0,240.0,1.6,27.0,1.0,41.0,60.0,26.0,3.329,22.0,3.32,0.0,57475.1,4085.1,-670.7,-14601.7,-22312.9,-3446.3,-46.4,0.0,-1402.4,-464.3,62.0,51.6,68.0,47.2,14.0,110498.2,-42991.8,828.0,828.0,23.0,79.0,25.0,22.0,0.0,0.0,638.4,-33.454638,-70.630171,2020-03-02 10:31:55,60.0,0
110,0.0,240.0,7.8,27.0,1.0,41.0,60.0,26.0,3.328,22.0,3.32,0.0,57475.1,4102.4,-673.7,-14616.5,-22315.9,-3446.3,-46.4,0.0,-1402.4,-464.3,62.0,51.6,68.0,47.2,15.0,110594.0,-43012.7,840.0,840.0,23.0,79.0,25.0,22.0,0.0,0.0,638.1,-33.455078,-70.629954,2020-03-02 10:32:55,60.0,0
111,76.0,240.0,49.9,27.0,33.0,41.0,106.0,26.0,3.344,22.0,3.326,0.0,57475.3,4118.2,-673.9,-14633.0,-22315.9,-3446.3,-46.4,0.0,-1409.7,-467.8,62.0,51.6,68.0,47.2,0.0,110881.3,-43040.1,988.0,988.0,23.0,79.0,25.0,22.0,0.0,35.0,637.1,-33.4563,-70.629568,2020-03-02 10:33:55,60.0,0
112,0.0,240.0,1.6,27.0,1.0,41.0,60.0,26.0,3.329,22.0,3.32,0.0,57476.6,4149.6,-678.9,-14982.0,-22613.3,-3471.7,-46.4,0.0,-1431.8,-473.9,62.0,51.6,68.0,47.2,15.0,111975.5,-43745.1,840.0,840.0,23.0,79.0,25.0,22.0,0.0,0.0,638.4,-33.467155,-70.62647,2020-03-02 10:36:55,180.0,0
113,0.0,240.0,-8.7,27.0,1.0,41.0,60.0,26.0,3.33,22.0,3.32,0.0,57477.6,4186.5,-685.9,-15413.6,-22633.6,-3471.7,-46.4,0.0,-1459.3,-491.5,62.0,51.6,68.0,47.2,15.0,113165.9,-44249.7,788.0,792.0,23.0,79.0,25.0,22.0,0.0,5.0,638.1,-33.474605,-70.623238,2020-03-02 10:38:55,120.0,0
114,0.0,240.0,-8.7,27.0,1.0,41.0,60.0,26.0,3.33,22.0,3.32,0.0,57477.6,4186.5,-685.9,-15413.6,-22633.6,-3471.7,-46.4,0.0,-1459.3,-491.5,62.0,51.6,68.0,47.2,15.0,113165.9,-44249.7,788.0,792.0,23.0,79.0,25.0,22.0,0.0,5.0,638.1,-33.474605,-70.623238,2020-03-02 10:38:55,0.0,0
115,71.0,240.0,158.8,25.0,224.0,41.0,81.0,26.0,3.303,22.0,3.285,0.0,57478.0,4208.5,-686.0,-15468.3,-22662.0,-3471.7,-46.4,0.0,-1470.7,-493.9,62.0,51.6,68.0,47.2,0.0,113794.4,-44346.8,788.0,788.0,23.0,79.0,25.0,22.0,0.0,42.0,633.6,-33.47797,-70.622329,2020-03-02 10:39:55,60.0,0
116,3.0,240.0,3.2,22.0,1.0,41.0,60.0,26.0,3.32,22.0,3.31,0.0,57478.4,4228.2,-687.5,-15587.1,-22816.1,-3507.5,-46.4,0.0,-1473.9,-494.3,62.0,51.6,68.0,47.2,0.0,114352.8,-44660.6,1000.0,1000.0,23.0,79.0,25.0,22.0,0.0,0.0,636.8,-33.481645,-70.621351,2020-03-02 10:40:55,60.0,0
117,95.0,282.0,61.2,22.0,224.0,41.0,115.0,26.0,3.297,22.0,3.283,0.0,57479.4,4263.5,-688.3,-15804.5,-22916.0,-3507.5,-46.4,0.0,-1490.7,-497.6,62.0,51.6,68.0,47.2,0.0,115871.5,-44998.9,928.0,928.0,23.0,78.0,25.0,22.0,0.0,52.0,633.4,-33.489077,-70.618125,2020-03-02 10:42:55,120.0,0
118,95.0,282.0,61.2,22.0,224.0,41.0,115.0,26.0,3.297,22.0,3.283,0.0,57479.4,4263.5,-688.3,-15804.5,-22916.0,-3507.5,-46.4,0.0,-1490.7,-497.6,62.0,51.6,68.0,47.2,0.0,115871.5,-44998.9,928.0,928.0,23.0,78.0,25.0,22.0,0.0,52.0,633.4,-33.489077,-70.618125,2020-03-02 10:42:55,0.0,0
119,0.0,282.0,191.4,22.0,149.0,41.0,60.0,26.0,3.306,22.0,3.295,0.0,57479.9,4283.8,-688.4,-15982.4,-22945.0,-3507.5,-46.4,0.0,-1490.9,-499.5,62.0,51.6,68.0,47.2,0.0,116499.2,-45207.9,848.0,856.0,23.0,78.0,25.0,23.0,0.0,48.0,630.7,-33.49312,-70.617196,2020-03-02 10:43:55,60.0,0
120,24.0,282.0,1.7,22.0,1.0,41.0,60.0,26.0,3.319,22.0,3.308,0.0,57480.2,4284.2,-688.5,-16179.7,-22945.0,-3507.5,-46.4,0.0,-1491.1,-501.5,62.0,51.6,68.0,47.2,0.0,116674.1,-45407.6,840.0,828.0,23.0,78.0,25.0,23.0,0.0,0.0,636.4,-33.495687,-70.616562,2020-03-02 10:44:55,60.0,0
121,46.0,298.0,95.5,22.0,77.0,41.0,60.0,26.0,3.309,22.0,3.297,0.0,57480.7,4303.6,-691.9,-16244.3,-22945.0,-3507.5,-46.4,0.0,-1502.5,-503.7,62.0,51.6,68.0,47.2,0.0,117516.5,-45489.2,828.0,828.0,23.0,78.0,25.0,23.0,0.0,43.0,632.6,-33.499917,-70.615713,2020-03-02 10:45:55,60.0,0
122,80.0,296.0,216.4,22.0,224.0,41.0,129.0,26.0,3.295,22.0,3.275,0.0,57481.5,4303.6,-696.5,-16308.0,-23047.7,-3507.5,-46.4,0.0,-1507.7,-510.0,62.0,51.6,68.0,47.2,0.0,118229.0,-45671.7,820.0,816.0,23.0,78.0,25.0,23.0,0.0,30.0,631.0,-33.506763,-70.614339,2020-03-02 10:46:55,60.0,0
123,0.0,246.0,-76.9,22.0,224.0,41.0,60.0,26.0,3.303,22.0,3.29,0.0,57481.9,4332.6,-697.1,-16350.6,-23184.4,-3587.7,-46.4,0.0,-1511.9,-512.9,62.0,51.6,68.0,47.2,14.0,119187.1,-45938.9,852.0,844.0,23.0,78.0,25.0,23.0,0.0,41.0,634.7,-33.509729,-70.612131,2020-03-02 10:47:55,60.0,0
124,0.0,242.0,-162.9,22.0,33.0,41.0,60.0,26.0,3.335,22.0,3.315,0.0,57482.7,4332.6,-707.5,-16476.8,-23256.4,-3587.7,-46.4,0.0,-1520.1,-516.8,62.0,51.6,68.0,47.2,23.0,120050.6,-46160.2,960.0,968.0,23.0,77.0,25.0,23.0,0.0,29.0,638.3,-33.515085,-70.607299,2020-03-02 10:48:55,60.0,0
125,0.0,216.0,-108.3,22.0,33.0,41.0,60.0,26.0,3.328,22.0,3.31,0.0,57483.4,4332.6,-718.4,-16619.8,-23320.4,-3587.7,-46.4,0.0,-1530.7,-543.1,62.0,51.6,68.0,47.2,24.0,120870.2,-46415.2,932.0,932.0,23.0,77.0,25.0,23.0,0.0,17.0,637.4,-33.519653,-70.602715,2020-03-02 10:49:55,60.0,0
126,26.0,216.0,118.4,22.0,222.0,41.0,60.0,26.0,3.309,22.0,3.292,0.0,57483.6,4372.0,-725.3,-16666.9,-23352.9,-3587.7,-46.4,0.0,-1531.0,-543.1,62.0,51.6,68.0,47.2,0.0,121194.9,-46501.9,844.0,840.0,23.0,77.0,25.0,23.0,0.0,21.0,632.5,-33.520837,-70.601304,2020-03-02 10:50:55,60.0,0
127,70.0,226.0,141.2,22.0,224.0,41.0,60.0,26.0,3.291,22.0,3.275,0.0,57484.0,4396.4,-725.3,-16724.8,-23472.6,-3587.7,-46.4,0.0,-1539.9,-546.6,62.0,51.6,68.0,47.2,0.0,122022.4,-46692.0,840.0,828.0,23.0,77.0,25.0,23.0,0.0,39.0,630.8,-33.523093,-70.598346,2020-03-02 10:51:55,60.0,0
128,0.0,226.0,-47.3,22.0,12.0,41.0,60.0,26.0,3.309,22.0,3.294,0.0,57484.4,4416.1,-725.6,-16789.0,-23614.3,-3587.7,-46.4,0.0,-1540.4,-549.3,62.0,51.6,68.0,47.2,19.0,122515.5,-46901.4,788.0,788.0,23.0,77.0,26.0,23.0,0.0,22.0,634.8,-33.526226,-70.596861,2020-03-02 10:52:55,60.0,0
129,8.0,210.0,9.1,22.0,12.0,41.0,60.0,26.0,3.314,22.0,3.299,0.0,57484.6,4418.1,-727.2,-16843.7,-23692.9,-3587.7,-46.4,0.0,-1550.0,-555.1,62.0,51.6,68.0,47.2,0.0,122879.3,-47051.7,988.0,984.0,23.0,77.0,26.0,23.0,0.0,0.0,635.3,-33.527955,-70.596089,2020-03-02 10:53:55,60.0,0
130,52.0,210.0,141.9,22.0,77.0,41.0,60.0,26.0,3.305,22.0,3.29,0.0,57484.9,4461.1,-727.6,-16911.6,-23726.6,-3587.7,-46.4,0.0,-1553.5,-556.0,62.0,51.6,68.0,47.2,0.0,123468.7,-47158.3,988.0,976.0,23.0,77.0,26.0,23.0,0.0,30.0,631.6,-33.530452,-70.595026,2020-03-02 10:54:55,60.0,0
131,22.0,196.0,3.0,32.0,149.0,41.0,60.0,27.0,3.315,22.0,3.299,0.0,57485.6,4461.1,-728.7,-17064.7,-23792.7,-3587.7,-46.4,0.0,-1559.3,-557.7,62.0,51.6,68.0,47.2,0.0,124146.5,-47386.1,960.0,948.0,23.0,76.0,26.0,23.0,0.0,0.0,635.4,-33.535437,-70.592898,2020-03-02 10:55:55,60.0,0
132,0.0,196.0,183.9,32.0,83.0,41.0,115.0,27.0,3.285,22.0,3.264,0.0,57485.8,4501.4,-729.8,-17102.5,-23816.0,-3587.7,-46.4,0.0,-1559.3,-558.2,62.0,51.6,68.0,47.2,0.0,124885.6,-47448.8,880.0,872.0,23.0,76.0,26.0,23.0,0.0,49.0,629.0,-33.537261,-70.591962,2020-03-02 10:56:55,60.0,0
133,55.0,200.0,159.7,30.0,224.0,41.0,115.0,27.0,3.288,22.0,3.269,0.0,57486.1,4519.1,-739.7,-17202.1,-23816.0,-3587.7,-46.4,0.0,-1568.5,-559.6,62.0,51.6,68.0,47.2,0.0,125351.5,-47568.8,856.0,856.0,23.0,76.0,27.0,23.0,0.0,41.0,629.7,-33.540008,-70.590779,2020-03-02 10:57:55,60.0,0
134,100.0,200.0,52.3,30.0,224.0,41.0,115.0,27.0,3.29,22.0,3.269,0.0,57486.6,4568.2,-750.9,-17342.3,-23860.1,-3587.7,-46.4,0.0,-1568.5,-561.7,62.0,51.6,68.0,47.2,0.0,125866.2,-47766.5,820.0,816.0,23.0,76.0,27.0,23.0,0.0,23.0,633.4,-33.543248,-70.589321,2020-03-02 10:58:55,60.0,0
135,58.0,182.0,71.5,30.0,149.0,41.0,60.0,27.0,3.309,22.0,3.291,0.0,57487.0,4609.5,-750.9,-17489.4,-23941.1,-3587.7,-46.4,0.0,-1568.5,-562.3,62.0,51.6,68.0,47.2,0.0,126543.7,-47995.2,816.0,816.0,23.0,76.0,27.0,24.0,0.0,7.0,633.4,-33.546814,-70.58769,2020-03-02 10:59:55,60.0,0
136,0.0,182.0,-172.8,30.0,33.0,41.0,60.0,27.0,3.345,22.0,3.315,0.0,57487.5,4639.6,-751.2,-17584.4,-23965.9,-3587.7,-46.4,0.0,-1575.2,-564.5,62.0,51.6,68.0,48.0,0.0,127420.6,-48124.1,992.0,988.0,23.0,76.0,27.0,24.0,0.0,37.0,637.5,-33.551051,-70.586957,2020-03-02 11:00:55,60.0,0
137,0.0,170.0,1.7,30.0,12.0,41.0,60.0,27.0,3.315,22.0,3.296,0.0,57487.7,4639.6,-751.7,-17717.0,-24003.3,-3587.7,-46.4,0.0,-1583.3,-569.8,62.0,51.6,68.0,47.2,14.0,127674.2,-48308.1,856.0,856.0,23.0,76.0,27.0,24.0,0.0,0.0,635.1,-33.553085,-70.586581,2020-03-02 11:01:55,60.0,0
138,0.0,170.0,-72.5,30.0,65.0,41.0,60.0,27.0,3.322,22.0,3.303,0.0,57488.2,4662.4,-759.9,-17845.7,-24018.9,-3587.7,-46.4,0.0,-1587.0,-571.0,62.0,51.6,68.0,47.6,22.0,128351.0,-48465.4,828.0,820.0,23.0,76.0,27.0,24.0,0.0,18.0,636.2,-33.556633,-70.585973,2020-03-02 11:02:55,60.0,0
139,0.0,192.0,-16.7,30.0,172.0,41.0,60.0,27.0,3.315,23.0,3.295,0.0,57488.6,4680.7,-773.0,-17962.2,-24135.4,-3587.7,-46.4,0.0,-1594.2,-575.6,62.0,51.6,68.0,47.6,13.0,129128.5,-48723.7,788.0,776.0,23.0,75.0,27.0,24.0,0.0,2.0,634.9,-33.560625,-70.585182,2020-03-02 11:03:55,60.0,0
140,15.0,192.0,3.1,30.0,77.0,41.0,60.0,27.0,3.312,23.0,3.294,0.0,57489.0,4704.9,-773.1,-17994.1,-24339.3,-3587.7,-46.4,0.0,-1594.2,-575.6,62.0,51.6,68.0,47.2,0.0,129798.7,-48959.7,1000.0,1000.0,23.0,75.0,27.0,24.0,0.0,0.0,634.6,-33.563674,-70.58472,2020-03-02 11:04:55,60.0,0
141,76.0,192.0,226.9,30.0,222.0,41.0,115.0,27.0,3.285,23.0,3.261,0.0,57489.3,4743.8,-773.9,-17999.9,-24343.8,-3595.6,-95.7,-12.4,-1597.5,-576.0,62.0,51.6,68.0,47.2,0.0,130480.8,-49044.2,928.0,924.0,23.0,75.0,27.0,24.0,0.0,26.0,628.6,-33.566124,-70.584239,2020-03-02 11:05:55,60.0,0
142,0.0,192.0,-6.4,30.0,21.0,41.0,115.0,27.0,3.292,23.0,3.271,0.0,57489.8,4764.0,-776.9,-18121.2,-24462.9,-3614.5,-95.7,-12.4,-1605.1,-577.2,62.0,51.6,68.0,47.2,0.0,131479.3,-49315.2,868.0,868.0,23.0,75.0,28.0,24.0,0.0,43.0,632.1,-33.570229,-70.58348,2020-03-02 11:06:55,60.0,0
143,100.0,176.0,216.1,30.0,83.0,41.0,115.0,27.0,3.285,23.0,3.261,0.0,57490.2,4781.3,-794.6,-18238.6,-24553.8,-3614.5,-95.7,-12.4,-1611.0,-581.6,62.0,51.6,68.0,48.0,0.0,132014.6,-49551.5,840.0,840.0,23.0,75.0,28.0,24.0,0.0,35.0,628.7,-33.57333,-70.582833,2020-03-02 11:07:55,60.0,0
144,100.0,176.0,228.0,27.0,222.0,41.0,81.0,27.0,3.289,23.0,3.265,0.0,57490.5,4802.1,-817.1,-18327.4,-24621.9,-3638.6,-95.7,-12.4,-1611.2,-582.2,62.0,51.6,68.0,47.6,0.0,132482.4,-49755.7,792.0,788.0,23.0,75.0,28.0,24.0,0.0,21.0,629.3,-33.576171,-70.582283,2020-03-02 11:08:55,60.0,0
145,0.0,170.0,7.8,27.0,12.0,41.0,60.0,27.0,3.311,23.0,3.292,0.0,57490.8,4802.1,-817.5,-18500.5,-24651.8,-3638.6,-95.7,-12.4,-1611.2,-582.2,62.0,51.6,68.0,47.2,14.0,133006.4,-49959.3,908.0,908.0,23.0,74.0,28.0,24.0,0.0,0.0,634.3,-33.578831,-70.581771,2020-03-02 11:09:55,60.0,0
146,33.0,170.0,103.8,27.0,222.0,41.0,60.0,27.0,3.29,23.0,3.27,0.0,57491.3,4827.2,-817.5,-18500.5,-24651.8,-3638.6,-95.7,-12.4,-1617.7,-583.9,62.0,51.6,68.0,47.2,0.0,133849.3,-49967.5,1000.0,996.0,23.0,74.0,28.0,25.0,0.0,52.0,629.8,-33.582947,-70.581008,2020-03-02 11:10:55,60.0,0
147,0.0,178.0,-245.9,27.0,33.0,41.0,56.0,27.0,3.326,23.0,3.301,0.0,57492.1,4827.2,-838.2,-18665.8,-24673.7,-3638.6,-95.7,-12.4,-1641.9,-597.1,62.0,51.6,68.0,47.2,26.0,134615.3,-50212.9,960.0,960.0,23.0,74.0,28.0,25.0,0.0,32.0,637.7,-33.589661,-70.579688,2020-03-02 11:11:55,60.0,0
148,0.0,178.0,-6.7,27.0,12.0,41.0,60.0,27.0,3.311,23.0,3.292,0.0,57492.6,4847.1,-844.5,-18818.2,-24849.3,-3687.3,-95.7,-12.4,-1655.7,-603.6,62.0,51.6,68.0,48.0,15.0,135402.4,-50616.4,880.0,872.0,23.0,74.0,28.0,25.0,0.0,5.0,634.0,-33.593721,-70.579112,2020-03-02 11:12:55,60.0,0
149,84.0,176.0,81.6,27.0,222.0,41.0,60.0,27.0,3.289,23.0,3.27,0.0,57493.1,4865.5,-844.9,-18822.5,-24849.3,-3687.3,-95.7,-12.4,-1668.3,-609.6,62.0,51.6,68.0,47.2,0.0,136242.2,-50639.6,868.0,868.0,23.0,74.0,28.0,25.0,0.0,52.0,629.8,-33.59813,-70.578213,2020-03-02 11:13:55,60.0,0
150,25.0,176.0,10.5,27.0,12.0,41.0,60.0,27.0,3.304,23.0,3.286,0.0,57493.7,4881.1,-860.7,-18988.4,-24881.1,-3699.3,-128.6,-22.6,-1677.2,-611.5,62.0,51.6,68.0,47.6,0.0,136837.2,-50921.0,816.0,816.0,23.0,74.0,28.0,25.0,0.0,0.0,632.7,-33.602463,-70.577269,2020-03-02 11:14:55,60.0,0
151,0.0,176.0,-25.9,22.0,12.0,41.0,60.0,27.0,3.312,23.0,3.294,0.0,57494.0,4923.2,-865.5,-19076.4,-25065.9,-3705.8,-128.6,-22.6,-1691.5,-612.6,62.0,51.6,68.0,47.2,0.0,137549.1,-51220.5,788.0,788.0,23.0,74.0,28.0,25.0,0.0,13.0,633.9,-33.605401,-70.576677,2020-03-02 11:15:55,60.0,0
152,0.0,176.0,1.7,22.0,12.0,41.0,60.0,27.0,3.31,23.0,3.291,0.0,57494.0,4923.2,-868.1,-19081.6,-25065.9,-3705.8,-128.6,-22.6,-1693.4,-612.7,62.0,51.6,68.0,47.2,16.0,137615.7,-51230.3,1000.0,1000.0,23.0,74.0,28.0,25.0,0.0,0.0,633.8,-33.605401,-70.576677,2020-03-02 11:16:55,60.0,0
153,22.0,180.0,1.9,22.0,158.0,41.0,60.0,27.0,3.311,23.0,3.291,0.0,57494.2,4966.6,-869.5,-19159.1,-25093.7,-3705.8,-128.6,-22.6,-1702.6,-612.7,62.0,51.6,68.0,47.2,0.0,137953.5,-51346.2,948.0,936.0,23.0,74.0,28.0,25.0,0.0,0.0,633.9,-33.607031,-70.576244,2020-03-02 11:17:55,60.0,0
154,14.0,180.0,2.3,22.0,12.0,41.0,60.0,27.0,3.311,23.0,3.291,0.0,57494.3,5008.3,-870.5,-19186.4,-25155.4,-3705.8,-128.6,-22.6,-1702.6,-612.7,62.0,51.6,68.0,47.2,0.0,138227.7,-51436.2,896.0,896.0,23.0,73.0,28.0,25.0,0.0,1.0,634.0,-33.608006,-70.576173,2020-03-02 11:18:55,60.0,0
155,7.0,192.0,1.7,22.0,12.0,41.0,56.0,27.0,3.314,23.0,3.292,0.0,57494.4,5047.9,-872.5,-19231.2,-25166.1,-3705.8,-128.6,-22.6,-1705.2,-612.7,62.0,51.6,68.0,47.2,0.0,138444.5,-51496.1,828.0,820.0,23.0,73.0,28.0,25.0,0.0,0.0,634.2,-33.608774,-70.576041,2020-03-02 11:19:55,60.0,0
156,0.0,192.0,172.1,22.0,222.0,41.0,115.0,27.0,3.292,23.0,3.268,0.0,57494.5,5062.4,-874.5,-19234.3,-25166.1,-3705.8,-128.6,-22.6,-1707.0,-613.3,62.0,51.6,68.0,47.2,0.0,138711.6,-51503.7,828.0,816.0,23.0,73.0,28.0,25.0,0.0,32.0,629.9,-33.609389,-70.575919,2020-03-02 11:20:55,60.0,0
157,100.0,190.0,140.9,22.0,222.0,41.0,115.0,27.0,3.296,23.0,3.271,0.0,57494.7,5095.8,-884.7,-19308.7,-25215.3,-3705.8,-128.6,-22.6,-1713.3,-614.5,62.0,51.6,68.0,47.2,0.0,139092.8,-51645.0,788.0,800.0,23.0,73.0,28.0,25.0,0.0,28.0,630.8,-33.611277,-70.575562,2020-03-02 11:21:55,60.0,0
158,0.0,190.0,2.7,22.0,158.0,41.0,60.0,27.0,3.314,23.0,3.292,0.0,57495.1,5118.5,-887.3,-19506.5,-25338.2,-3705.8,-128.6,-22.6,-1731.3,-614.5,62.0,51.6,68.0,47.2,16.0,139713.7,-51986.3,988.0,980.0,23.0,73.0,28.0,25.0,0.0,21.0,634.2,-33.614003,-70.576359,2020-03-02 11:22:55,60.0,0
159,36.0,168.0,122.1,22.0,222.0,41.0,115.0,27.0,3.303,23.0,3.279,0.0,57495.5,5135.6,-892.2,-19670.7,-25339.6,-3705.8,-128.6,-22.6,-1742.2,-615.6,62.0,51.6,68.0,47.2,0.0,140091.6,-52168.8,940.0,936.0,23.0,73.0,28.0,25.0,0.0,27.0,631.9,-33.614342,-70.579769,2020-03-02 11:23:55,60.0,0
160,60.0,168.0,120.5,22.0,222.0,41.0,115.0,27.0,3.295,23.0,3.269,0.0,57496.0,5135.6,-897.4,-19847.2,-25417.2,-3750.2,-128.6,-22.6,-1764.4,-621.6,62.0,51.6,68.0,47.2,0.0,140755.0,-52502.0,900.0,896.0,23.0,73.0,28.0,26.0,0.0,40.0,630.3,-33.615162,-70.585018,2020-03-02 11:24:55,60.0,0
161,6.0,232.0,2.2,22.0,12.0,41.0,56.0,27.0,3.315,23.0,3.294,0.0,57496.3,5164.4,-897.7,-20054.1,-25536.9,-3750.2,-128.6,-22.6,-1768.2,-622.1,62.0,51.6,68.0,47.2,0.0,141014.2,-52833.0,868.0,868.0,23.0,73.0,28.0,26.0,0.0,10.0,634.5,-33.615847,-70.588329,2020-03-02 11:25:55,60.0,0
162,100.0,232.0,135.8,22.0,222.0,41.0,115.0,27.0,3.292,23.0,3.265,0.0,57496.6,5186.6,-904.9,-20123.2,-25565.5,-3750.2,-128.6,-22.6,-1774.3,-623.3,62.0,51.6,68.0,47.2,0.0,141428.5,-52945.3,840.0,840.0,23.0,73.0,28.0,26.0,0.0,36.0,629.6,-33.616445,-70.591053,2020-03-02 11:26:55,60.0,0
163,0.0,278.0,2.2,22.0,12.0,41.0,56.0,27.0,3.316,23.0,3.294,0.0,57497.1,5190.2,-907.2,-20344.8,-25762.3,-3750.2,-128.6,-22.6,-1788.5,-626.0,62.0,51.6,68.0,47.2,0.0,141974.1,-53383.6,788.0,796.0,23.0,73.0,29.0,26.0,0.0,4.0,634.6,-33.615156,-70.595455,2020-03-02 11:27:55,60.0,0
164,0.0,278.0,-2.9,22.0,12.0,41.0,56.0,27.0,3.312,23.0,3.29,0.0,57497.2,5235.8,-908.4,-20370.1,-25767.1,-3750.2,-128.6,-22.6,-1791.4,-626.0,62.0,51.6,68.0,48.0,6.0,142239.6,-53417.8,1000.0,1000.0,23.0,73.0,29.0,26.0,0.0,23.0,633.8,-33.614885,-70.596825,2020-03-02 11:28:55,60.0,0
165,0.0,302.0,-108.3,22.0,158.0,41.0,117.0,27.0,3.33,23.0,3.306,0.0,57497.7,5252.3,-925.1,-20534.6,-25944.0,-3750.2,-128.6,-22.6,-1791.5,-626.8,62.0,51.6,68.0,47.2,16.0,142888.0,-53776.8,880.0,880.0,23.0,73.0,29.0,26.0,0.0,20.0,637.0,-33.615667,-70.601566,2020-03-02 11:29:55,60.0,0
166,0.0,300.0,118.7,30.0,222.0,41.0,115.0,28.0,3.292,23.0,3.268,0.0,57498.1,5297.1,-925.1,-20611.6,-26003.3,-3750.2,-128.6,-22.6,-1795.2,-628.3,62.0,51.6,68.0,47.6,0.0,143597.0,-53918.5,856.0,856.0,23.0,72.0,29.0,26.0,0.0,52.0,629.9,-33.617204,-70.599751,2020-03-02 11:30:55,60.0,0
167,0.0,300.0,-33.8,30.0,12.0,41.0,56.0,28.0,3.32,23.0,3.296,0.0,57498.8,5297.5,-937.4,-20860.5,-26055.3,-3750.2,-128.6,-22.6,-1819.2,-640.7,62.0,51.6,68.0,47.2,0.0,143871.5,-54268.1,808.0,804.0,23.0,72.0,29.0,26.0,0.0,16.0,635.0,-33.623232,-70.598558,2020-03-02 11:31:55,60.0,0
168,0.0,300.0,24.9,30.0,222.0,41.0,60.0,28.0,3.305,23.0,3.283,0.0,57499.5,5297.5,-941.7,-20869.1,-26079.4,-3750.2,-128.6,-22.6,-1835.5,-646.6,62.0,51.6,68.0,47.2,0.0,144607.0,-54327.4,812.0,804.0,23.0,72.0,29.0,26.0,0.0,53.0,632.1,-33.628897,-70.600059,2020-03-02 11:32:55,60.0,0
169,0.0,428.0,-8.3,30.0,222.0,41.0,56.0,28.0,3.31,23.0,3.289,0.0,57500.3,5297.5,-967.8,-20955.3,-26185.6,-3750.2,-128.6,-22.6,-1841.3,-650.0,62.0,51.6,68.0,47.2,0.0,145048.6,-54555.2,1000.0,1000.0,23.0,72.0,29.0,26.0,0.0,54.0,633.2,-33.6316,-70.607211,2020-03-02 11:33:55,60.0,0
170,100.0,422.0,208.4,30.0,83.0,41.0,115.0,28.0,3.28,23.0,3.251,0.0,57501.0,5297.5,-982.8,-21160.1,-26315.3,-3750.2,-128.6,-22.6,-1881.6,-659.3,62.0,51.6,68.0,47.6,0.0,145726.8,-54955.1,936.0,936.0,23.0,72.0,29.0,26.0,0.0,40.0,627.3,-33.631365,-70.611763,2020-03-02 11:34:55,60.0,0
171,94.0,346.0,193.6,30.0,222.0,49.0,115.0,28.0,3.291,23.0,3.264,0.0,57501.6,5297.8,-1009.7,-21346.4,-26446.3,-3750.2,-128.6,-22.6,-1906.2,-696.6,62.0,51.6,68.0,47.2,0.0,146365.0,-55363.7,896.0,896.0,23.0,72.0,29.0,26.0,0.0,20.0,629.4,-33.633553,-70.610574,2020-03-02 11:35:55,60.0,0
172,0.0,346.0,6.5,30.0,222.0,49.0,56.0,28.0,3.311,23.0,3.29,0.0,57501.6,5313.9,-1011.0,-21380.2,-26446.3,-3750.2,-128.6,-22.6,-1908.0,-696.6,62.0,51.6,68.0,47.2,0.0,146484.7,-55401.9,776.0,776.0,23.0,72.0,29.0,26.0,0.0,0.0,633.5,-33.633185,-70.610442,2020-03-02 11:36:55,60.0,0
173,0.0,500.0,3.5,32.0,219.0,2.0,192.0,31.0,3.436,28.0,3.348,0.0,57501.7,5348.2,-1011.0,-21380.2,-26446.3,-3750.2,-128.6,-22.6,-1908.0,-696.6,62.0,51.6,68.0,47.2,0.0,146652.3,-55401.9,880.0,880.0,23.0,100.0,36.0,34.0,0.0,1.0,648.7,-33.633048,-70.609653,2020-03-02 13:14:22,5847.0,1
174,0.0,500.0,11.1,32.0,219.0,2.0,192.0,31.0,3.421,28.0,3.344,5.0,57501.8,5380.9,-1011.0,-21380.2,-26446.3,-3750.2,-128.6,-22.6,-1908.0,-696.6,62.0,51.6,68.0,47.2,14.0,146757.7,-55401.9,860.0,856.0,23.0,100.0,37.0,34.0,0.0,1.0,647.3,-33.633429,-70.609817,2020-03-02 13:15:22,60.0,1
175,0.0,500.0,11.6,32.0,219.0,2.0,192.0,31.0,3.405,28.0,3.34,5.0,57501.8,5410.4,-1011.0,-21380.2,-26446.3,-3750.2,-128.6,-22.6,-1908.0,-696.6,62.0,51.6,68.0,48.0,0.0,146910.6,-55401.9,820.0,820.0,23.0,100.0,36.0,33.0,0.0,0.0,645.7,-33.633458,-70.610153,2020-03-02 13:16:21,59.0,1
176,0.0,500.0,15.9,32.0,219.0,2.0,192.0,31.0,3.39,28.0,3.336,5.0,57501.8,5410.4,-1011.0,-21380.2,-26446.3,-3750.2,-128.6,-22.6,-1908.0,-696.6,62.0,51.6,68.0,48.0,0.0,147063.8,-55401.9,836.0,828.0,23.0,100.0,36.0,31.0,0.0,0.0,644.4,-33.633458,-70.610153,2020-03-02 13:17:21,60.0,1
177,65.0,500.0,95.9,32.0,199.0,2.0,72.0,31.0,3.365,28.0,3.325,5.0,57501.9,5494.9,-1011.0,-21380.2,-26446.3,-3750.2,-128.6,-22.6,-1908.0,-696.6,62.0,51.6,68.0,47.2,0.0,147345.0,-55401.9,816.0,808.0,23.0,100.0,35.0,29.0,0.0,11.0,641.3,-33.633458,-70.610153,2020-03-02 13:18:21,60.0,1
178,38.0,500.0,66.9,32.0,219.0,2.0,115.0,31.0,3.348,28.0,3.32,5.0,57502.1,5605.4,-1011.0,-21380.2,-26446.3,-3750.2,-128.6,-22.6,-1908.0,-696.6,62.0,51.6,68.0,47.2,0.0,147786.1,-55401.9,788.0,780.0,23.0,100.0,35.0,28.0,0.0,8.0,639.7,-33.632771,-70.611071,2020-03-02 13:19:21,60.0,1
179,0.0,500.0,20.7,32.0,224.0,2.0,72.0,31.0,3.333,28.0,3.312,5.0,57502.4,5617.2,-1011.0,-21380.2,-26446.3,-3750.2,-128.6,-22.6,-1908.0,-696.6,62.0,51.6,68.0,47.2,0.0,148393.5,-55401.9,1000.0,1000.0,23.0,100.0,34.0,27.0,0.0,24.0,638.0,-33.632368,-70.6076,2020-03-02 13:20:21,60.0,1
180,0.0,500.0,19.5,32.0,219.0,2.0,115.0,31.0,3.328,28.0,3.315,5.0,57502.9,5617.2,-1011.0,-21380.2,-26446.3,-3750.2,-128.6,-22.6,-1908.0,-696.6,62.0,51.6,68.0,47.2,0.0,148924.4,-55401.9,1000.0,992.0,23.0,99.0,33.0,26.0,0.0,27.0,637.7,-33.631535,-70.603195,2020-03-02 13:21:21,60.0,1
181,0.0,500.0,19.9,32.0,87.0,2.0,163.0,31.0,3.324,28.0,3.31,5.0,57503.3,5617.2,-1011.0,-21380.2,-26446.3,-3750.2,-128.6,-22.6,-1908.0,-696.6,62.0,51.6,68.0,47.2,0.0,149421.4,-55401.9,1000.0,988.0,23.0,99.0,33.0,26.0,0.0,26.0,636.8,-33.629261,-70.599393,2020-03-02 13:22:21,60.0,1
182,0.0,500.0,19.8,32.0,224.0,2.0,72.0,31.0,3.32,28.0,3.311,5.0,57503.8,5617.2,-1011.0,-21380.2,-26446.3,-3750.2,-128.6,-22.6,-1908.0,-696.6,62.0,51.6,68.0,47.2,0.0,149968.3,-55401.9,1000.0,988.0,23.0,99.0,33.0,26.0,0.0,24.0,636.7,-33.625931,-70.597755,2020-03-02 13:23:21,60.0,1
183,0.0,168.0,16.9,32.0,87.0,2.0,72.0,31.0,3.32,28.0,3.312,5.0,57504.0,5644.4,-1011.0,-21380.2,-26446.3,-3750.2,-128.6,-22.6,-1908.0,-696.6,62.0,51.6,68.0,48.0,0.0,150490.5,-55401.9,936.0,936.0,23.0,99.0,33.0,25.0,0.0,29.0,636.7,-33.623858,-70.597782,2020-03-02 13:24:21,60.0,1
184,75.0,166.0,128.5,27.0,241.0,2.0,33.0,31.0,3.303,28.0,3.285,5.0,57504.5,5644.4,-1011.0,-21380.2,-26446.3,-3750.2,-128.6,-22.6,-1908.0,-696.6,62.0,51.6,68.0,47.2,0.0,151281.0,-55401.9,908.0,908.0,23.0,98.0,33.0,25.0,0.0,30.0,632.9,-33.61996,-70.598619,2020-03-02 13:25:21,60.0,1
185,100.0,166.0,163.7,27.0,83.0,2.0,81.0,31.0,3.31,28.0,3.292,5.0,57505.0,5644.4,-1011.0,-21380.2,-26446.3,-3750.2,-128.6,-22.6,-1908.0,-696.6,62.0,51.6,68.0,47.2,0.0,151962.7,-55401.9,880.0,880.0,23.0,98.0,34.0,25.0,0.0,40.0,634.3,-33.615795,-70.599286,2020-03-02 13:26:21,60.0,1
186,0.0,166.0,17.6,27.0,1.0,2.0,72.0,31.0,3.324,28.0,3.316,5.0,57505.2,5680.6,-1011.0,-21380.2,-26446.3,-3750.2,-128.6,-22.6,-1908.0,-696.6,62.0,51.6,68.0,47.6,0.0,152241.7,-55401.9,816.0,808.0,23.0,98.0,34.0,25.0,0.0,1.0,637.3,-33.615077,-70.598072,2020-03-02 13:27:21,60.0,1
187,0.0,178.0,18.8,27.0,1.0,2.0,105.0,31.0,3.322,28.0,3.315,5.0,57505.3,5708.1,-1011.0,-21380.2,-26446.3,-3750.2,-128.6,-22.6,-1908.0,-696.6,62.0,51.6,68.0,47.6,14.0,152734.4,-55401.9,872.0,868.0,23.0,98.0,34.0,24.0,0.0,0.0,637.2,-33.614858,-70.596364,2020-03-02 13:28:21,60.0,1
188,100.0,178.0,211.7,27.0,83.0,2.0,129.0,31.0,3.306,28.0,3.286,5.0,57505.5,5733.9,-1011.0,-21380.2,-26446.3,-3750.2,-128.6,-22.6,-1908.0,-696.6,62.0,51.6,68.0,47.2,0.0,153212.9,-55401.9,936.0,920.0,23.0,98.0,34.0,24.0,0.0,25.0,633.7,-33.615206,-70.595451,2020-03-02 13:29:21,60.0,1
189,0.0,176.0,6.6,27.0,87.0,4.0,72.0,31.0,3.319,28.0,3.311,5.0,57505.8,5764.0,-1013.2,-21452.0,-26481.5,-3750.2,-128.6,-22.6,-1911.7,-697.6,62.0,51.6,68.0,47.2,9.0,153964.6,-55516.0,856.0,856.0,23.0,98.0,34.0,24.0,0.0,37.0,636.3,-33.616501,-70.592848,2020-03-02 13:30:21,60.0,1
190,74.0,176.0,13.2,27.0,1.0,4.0,204.0,31.0,3.325,28.0,3.319,5.0,57505.9,5764.0,-1014.4,-21528.4,-26553.4,-3783.5,-128.6,-22.6,-1916.2,-698.4,62.0,51.6,68.0,47.2,0.0,154317.1,-55704.3,828.0,828.0,23.0,98.0,34.0,24.0,0.0,0.0,637.7,-33.616511,-70.591104,2020-03-02 13:31:21,60.0,1
191,72.0,160.0,215.4,27.0,83.0,4.0,81.0,31.0,3.304,28.0,3.283,5.0,57506.3,5815.6,-1014.8,-21597.8,-26578.4,-3783.5,-128.6,-22.6,-1920.9,-699.1,62.0,51.6,68.0,48.0,0.0,155144.8,-55804.9,788.0,788.0,23.0,98.0,33.0,23.0,0.0,37.0,632.8,-33.61579,-70.587826,2020-03-02 13:32:21,60.0,1
192,28.0,160.0,14.6,27.0,145.0,4.0,115.0,31.0,3.316,28.0,3.301,5.0,57506.5,5841.6,-1014.8,-21621.4,-26668.2,-3783.5,-128.6,-22.6,-1920.9,-699.1,62.0,51.6,68.0,47.2,0.0,155698.0,-55918.1,1000.0,1000.0,23.0,98.0,33.0,23.0,0.0,34.0,635.6,-33.615292,-70.585227,2020-03-02 13:33:21,60.0,1
193,73.0,146.0,236.4,27.0,83.0,4.0,81.0,31.0,3.306,28.0,3.285,5.0,57506.8,5877.9,-1016.7,-21633.6,-26831.8,-3783.5,-128.6,-22.6,-1933.4,-700.2,62.0,51.6,68.0,47.2,0.0,156205.5,-56109.4,920.0,920.0,23.0,97.0,33.0,23.0,0.0,20.0,633.5,-33.614843,-70.582959,2020-03-02 13:34:21,60.0,1
194,0.0,146.0,-150.6,27.0,33.0,4.0,58.0,31.0,3.342,28.0,3.329,5.0,57507.3,5881.3,-1019.3,-21749.2,-26898.1,-3783.5,-128.6,-22.6,-1949.0,-700.8,62.0,51.6,68.0,47.2,21.0,157219.3,-56310.0,876.0,868.0,23.0,97.0,32.0,23.0,0.0,28.0,640.0,-33.614173,-70.577708,2020-03-02 13:35:21,60.0,1
195,20.0,150.0,15.6,27.0,1.0,4.0,204.0,31.0,3.325,28.0,3.319,5.0,57507.5,5891.6,-1022.1,-21845.0,-27006.2,-3783.5,-128.6,-22.6,-1956.6,-701.8,62.0,51.6,68.0,47.2,0.0,157689.0,-56525.5,820.0,816.0,23.0,97.0,32.0,23.0,0.0,1.0,637.7,-33.613918,-70.575568,2020-03-02 13:36:21,60.0,1
196,0.0,150.0,11.2,27.0,1.0,4.0,105.0,31.0,3.322,28.0,3.315,5.0,57507.6,5935.4,-1023.1,-21848.1,-27006.2,-3783.5,-128.6,-22.6,-1957.7,-702.5,62.0,51.6,68.0,47.2,10.0,158006.0,-56531.4,816.0,816.0,23.0,97.0,32.0,23.0,0.0,24.0,637.2,-33.613827,-70.575072,2020-03-02 13:37:21,60.0,1
197,0.0,148.0,16.1,27.0,1.0,4.0,105.0,31.0,3.325,28.0,3.317,5.0,57507.9,5969.5,-1023.7,-21890.0,-27250.6,-3786.9,-128.6,-22.6,-1974.8,-705.8,62.0,51.6,68.0,47.2,14.0,158824.2,-56842.0,852.0,840.0,23.0,97.0,33.0,23.0,0.0,0.0,637.7,-33.611515,-70.574595,2020-03-02 13:38:21,60.0,1
198,0.0,148.0,10.7,27.0,1.0,4.0,105.0,31.0,3.326,28.0,3.32,5.0,57507.9,5999.2,-1023.7,-21890.7,-27307.1,-3799.6,-128.6,-22.6,-1974.8,-705.8,62.0,51.6,68.0,47.2,1.0,159115.3,-56912.1,912.0,908.0,23.0,97.0,34.0,23.0,0.0,4.0,638.1,-33.611326,-70.574651,2020-03-02 13:39:21,60.0,1
199,0.0,156.0,-76.7,27.0,8.0,4.0,106.0,31.0,3.335,28.0,3.325,5.0,57508.1,6076.7,-1024.4,-21914.7,-27329.2,-3799.6,-128.6,-22.6,-1974.9,-705.9,62.0,51.6,68.0,47.6,20.0,159463.5,-56959.5,856.0,856.0,23.0,96.0,35.0,23.0,0.0,17.0,639.3,-33.610176,-70.574956,2020-03-02 13:40:21,60.0,1
200,0.0,156.0,10.3,27.0,83.0,4.0,105.0,31.0,3.329,28.0,3.32,5.0,57508.2,6095.8,-1028.0,-21933.3,-27427.2,-3799.6,-128.6,-22.6,-1974.9,-705.9,62.0,51.6,68.0,47.2,15.0,159770.0,-57079.7,820.0,816.0,23.0,96.0,35.0,23.0,0.0,0.0,638.3,-33.60951,-70.575085,2020-03-02 13:41:21,60.0,1
201,0.0,158.0,10.9,26.0,7.0,4.0,204.0,31.0,3.329,28.0,3.32,5.0,57508.4,6147.6,-1031.0,-22067.0,-27498.8,-3848.5,-128.6,-22.6,-1976.3,-705.9,62.0,51.6,68.0,47.2,10.0,160392.5,-57339.8,780.0,788.0,23.0,96.0,36.0,23.0,0.0,0.0,638.2,-33.607008,-70.57561,2020-03-02 13:42:21,60.0,1
202,0.0,158.0,10.4,27.0,1.0,4.0,204.0,31.0,3.328,28.0,3.32,5.0,57508.5,6252.0,-1031.0,-22084.0,-27506.2,-3848.5,-128.6,-22.6,-1977.8,-706.5,62.0,51.6,68.0,47.2,0.0,160716.5,-57366.3,988.0,988.0,23.0,96.0,36.0,23.0,0.0,0.0,638.1,-33.60639,-70.575692,2020-03-02 13:43:21,60.0,1
203,0.0,156.0,10.3,27.0,1.0,4.0,105.0,31.0,3.329,28.0,3.32,5.0,57508.6,6337.0,-1031.0,-22092.7,-27558.6,-3861.7,-128.6,-22.6,-1977.8,-706.5,62.0,51.6,68.0,47.6,14.0,161050.0,-57440.6,920.0,920.0,23.0,96.0,35.0,23.0,0.0,0.0,638.3,-33.60592,-70.576041,2020-03-02 13:44:21,60.0,1
204,100.0,156.0,141.0,26.0,83.0,4.0,33.0,31.0,3.32,28.0,3.306,5.0,57508.8,6378.7,-1031.0,-22100.7,-27772.6,-3861.7,-128.6,-22.6,-1977.8,-706.5,62.0,51.6,68.0,48.0,0.0,161558.7,-57662.6,916.0,908.0,23.0,96.0,35.0,23.0,0.0,8.0,636.3,-33.604552,-70.576792,2020-03-02 13:45:21,60.0,1
205,100.0,136.0,167.1,19.0,21.0,50.0,129.0,31.0,3.31,28.0,3.294,5.0,57509.1,6413.3,-1031.0,-22103.2,-27975.7,-3861.7,-128.6,-22.6,-1977.8,-706.5,62.0,51.6,68.0,47.2,0.0,162556.8,-57868.2,896.0,896.0,23.0,96.0,34.0,23.0,0.0,51.0,634.2,-33.602195,-70.577248,2020-03-02 13:46:21,60.0,1
206,100.0,136.0,71.2,19.0,83.0,51.0,81.0,31.0,3.315,28.0,3.305,5.0,57509.6,6438.5,-1034.6,-22159.8,-28129.8,-3927.3,-128.6,-22.6,-1990.2,-710.6,62.0,51.6,67.2,47.2,0.0,163365.1,-58164.4,828.0,828.0,23.0,96.0,34.0,23.0,0.0,53.0,635.5,-33.598329,-70.577987,2020-03-02 13:47:21,60.0,1
207,97.0,146.0,35.8,19.0,83.0,44.0,105.0,31.0,3.324,28.0,3.315,5.0,57510.5,6438.5,-1034.6,-22159.8,-28129.8,-3927.3,-128.6,-22.6,-1990.2,-710.6,62.0,51.6,67.2,47.2,0.0,163623.7,-58164.4,828.0,820.0,23.0,96.0,34.0,23.0,0.0,54.0,637.3,-33.590772,-70.579509,2020-03-02 13:48:21,60.0,1
208,100.0,146.0,202.0,19.0,83.0,51.0,81.0,31.0,3.304,28.0,3.285,5.0,57510.9,6467.0,-1051.5,-22286.5,-28349.3,-3943.3,-128.6,-22.6,-1990.2,-710.6,62.0,51.6,68.0,47.6,0.0,164348.3,-58543.5,948.0,948.0,23.0,96.0,33.0,23.0,0.0,46.0,633.0,-33.587399,-70.580136,2020-03-02 13:49:21,60.0,1
209,0.0,222.0,-198.5,19.0,81.0,51.0,58.0,31.0,3.364,28.0,3.345,5.0,57511.8,6467.0,-1054.1,-22315.7,-28536.3,-3943.3,-128.6,-22.6,-1995.3,-711.4,62.0,51.6,68.0,47.2,17.0,164678.4,-58768.3,984.0,972.0,23.0,96.0,33.0,23.0,0.0,25.0,643.4,-33.579927,-70.581616,2020-03-02 13:50:21,60.0,1
210,0.0,222.0,10.2,19.0,1.0,51.0,105.0,31.0,3.33,28.0,3.322,5.0,57511.8,6467.0,-1054.1,-22361.6,-28566.3,-3943.3,-128.6,-22.6,-1995.3,-711.4,62.0,51.6,68.0,47.2,8.0,164776.0,-58844.2,960.0,948.0,23.0,96.0,33.0,23.0,0.0,0.0,638.6,-33.579485,-70.581703,2020-03-02 13:51:21,60.0,1
211,0.0,268.0,1.3,19.0,1.0,52.0,105.0,31.0,3.33,28.0,3.322,5.0,57512.1,6514.8,-1054.1,-22377.9,-28823.1,-3950.4,-128.6,-22.6,-1995.3,-711.4,62.0,51.6,68.0,47.2,23.0,165476.8,-59124.2,896.0,896.0,23.0,96.0,33.0,23.0,0.0,3.0,638.7,-33.576776,-70.582185,2020-03-02 13:52:21,60.0,1
212,100.0,268.0,34.9,19.0,83.0,51.0,81.0,31.0,3.32,28.0,3.311,5.0,57512.4,6541.9,-1054.1,-22377.9,-28823.1,-3950.4,-128.6,-22.6,-1995.3,-711.4,62.0,51.6,68.0,47.2,0.0,166128.1,-59124.2,892.0,892.0,23.0,95.0,34.0,24.0,0.0,54.0,636.5,-33.574901,-70.58254,2020-03-02 13:53:21,60.0,1
213,0.0,300.0,15.6,19.0,1.0,52.0,105.0,31.0,3.331,28.0,3.324,5.0,57513.1,6541.9,-1061.9,-22510.1,-29022.0,-4014.1,-128.6,-22.6,-1997.8,-711.4,62.0,51.6,68.0,47.2,15.0,166431.4,-59529.4,828.0,828.0,23.0,95.0,34.0,24.0,0.0,0.0,638.8,-33.568424,-70.583878,2020-03-02 13:54:21,60.0,1
214,54.0,300.0,163.9,19.0,83.0,52.0,81.0,31.0,3.314,28.0,3.296,5.0,57513.4,6571.4,-1066.6,-22607.5,-29022.0,-4014.1,-128.6,-22.6,-2014.4,-713.2,62.0,51.6,68.0,47.2,0.0,166990.0,-59650.1,800.0,792.0,23.0,95.0,33.0,23.0,0.0,32.0,634.9,-33.566188,-70.584265,2020-03-02 13:55:21,60.0,1
215,0.0,390.0,16.5,19.0,1.0,52.0,204.0,31.0,3.33,28.0,3.322,5.0,57514.0,6571.4,-1066.9,-22665.4,-29237.9,-4028.4,-128.6,-22.6,-2014.4,-713.2,62.0,51.6,68.0,47.2,15.0,167460.6,-59938.3,764.0,764.0,23.0,95.0,33.0,23.0,0.0,0.0,638.6,-33.561115,-70.585179,2020-03-02 13:56:21,60.0,1
216,100.0,390.0,186.4,19.0,83.0,52.0,81.0,31.0,3.305,28.0,3.285,5.0,57514.2,6629.5,-1070.6,-22702.5,-29381.7,-4028.4,-128.6,-22.6,-2014.4,-713.2,62.0,51.6,68.0,47.2,0.0,168442.8,-60123.0,1000.0,1000.0,23.0,95.0,33.0,23.0,0.0,51.0,633.2,-33.559014,-70.585558,2020-03-02 13:57:21,60.0,1
217,100.0,432.0,236.9,19.0,83.0,52.0,81.0,31.0,3.309,28.0,3.285,5.0,57514.9,6656.2,-1070.7,-22742.7,-29656.1,-4047.4,-128.6,-22.6,-2014.4,-713.2,62.0,51.6,68.0,47.2,0.0,168752.7,-60456.7,936.0,936.0,23.0,95.0,33.0,23.0,0.0,27.0,633.9,-33.553723,-70.586438,2020-03-02 13:58:21,60.0,1
218,0.0,432.0,10.5,19.0,1.0,52.0,204.0,31.0,3.333,28.0,3.325,5.0,57515.6,6656.2,-1078.6,-22783.2,-29784.5,-4143.6,-128.6,-22.6,-2014.4,-713.2,62.0,51.6,68.0,48.0,15.0,169282.6,-60729.7,880.0,880.0,23.0,95.0,33.0,23.0,0.0,0.0,638.9,-33.547582,-70.587512,2020-03-02 13:59:21,60.0,1
219,0.0,440.0,10.3,19.0,1.0,76.0,204.0,31.0,3.33,28.0,3.322,5.0,57516.1,6683.7,-1081.6,-22818.0,-29914.7,-4257.7,-128.6,-22.6,-2017.0,-716.3,62.0,51.6,68.0,47.2,13.0,170006.0,-61017.5,804.0,804.0,23.0,95.0,33.0,23.0,0.0,0.0,638.6,-33.543638,-70.589225,2020-03-02 14:00:21,60.0,1
220,100.0,438.0,221.4,32.0,83.0,76.0,81.0,32.0,3.306,28.0,3.285,5.0,57516.6,6736.4,-1081.6,-22865.0,-30206.8,-4257.7,-128.6,-22.6,-2017.0,-716.3,62.0,51.6,68.0,47.6,0.0,170885.3,-61356.6,804.0,816.0,23.0,94.0,33.0,23.0,0.0,37.0,633.5,-33.539715,-70.590987,2020-03-02 14:01:21,60.0,1
221,100.0,380.0,254.0,32.0,83.0,76.0,81.0,32.0,3.308,28.0,3.285,5.0,57517.1,6762.0,-1083.4,-23001.6,-30326.9,-4344.8,-128.6,-22.6,-2021.3,-717.3,62.0,51.6,68.0,47.2,0.0,171468.0,-61707.5,788.0,800.0,23.0,94.0,33.0,23.0,0.0,21.0,633.6,-33.535285,-70.592938,2020-03-02 14:02:21,60.0,1
222,100.0,380.0,178.0,32.0,83.0,76.0,33.0,32.0,3.312,28.0,3.296,5.0,57517.8,6762.0,-1088.3,-23150.0,-30583.0,-4344.8,-128.6,-22.6,-2035.3,-721.5,62.0,51.6,68.0,47.2,0.0,172382.0,-62135.0,1000.0,1000.0,23.0,94.0,34.0,23.0,0.0,34.0,635.8,-33.530006,-70.595224,2020-03-02 14:03:21,60.0,1
223,40.0,436.0,17.8,32.0,1.0,76.0,105.0,32.0,3.33,28.0,3.321,5.0,57518.0,6764.6,-1088.3,-23299.0,-30624.6,-4344.8,-128.6,-22.6,-2035.3,-721.5,62.0,51.6,68.0,47.2,0.0,172564.9,-62325.6,940.0,948.0,23.0,94.0,34.0,23.0,0.0,2.0,638.5,-33.528934,-70.595701,2020-03-02 14:04:21,60.0,1
224,100.0,432.0,-27.8,32.0,8.0,76.0,105.0,32.0,3.33,28.0,3.319,5.0,57518.3,6810.3,-1088.5,-23385.0,-30692.0,-4397.3,-128.6,-22.6,-2052.0,-730.4,62.0,51.6,68.0,48.0,0.0,173282.0,-62557.8,840.0,840.0,23.0,94.0,34.0,23.0,0.0,25.0,639.4,-33.52622,-70.596832,2020-03-02 14:05:21,60.0,1
225,0.0,388.0,-128.3,27.0,81.0,76.0,58.0,32.0,3.35,28.0,3.334,5.0,57518.9,6831.1,-1103.3,-23422.2,-31019.2,-4461.6,-128.6,-22.6,-2072.8,-740.8,62.0,51.6,68.0,47.2,30.0,174287.3,-63034.9,764.0,776.0,23.0,94.0,34.0,23.0,0.0,13.0,640.7,-33.52153,-70.598809,2020-03-02 14:06:21,60.0,1
226,0.0,388.0,-76.7,27.0,6.0,76.0,58.0,32.0,3.333,28.0,3.325,5.0,57519.1,6858.7,-1103.9,-23504.0,-31099.2,-4461.6,-128.6,-22.6,-2083.3,-746.8,62.0,51.6,68.0,47.2,14.0,174812.6,-63213.8,992.0,1000.0,23.0,94.0,35.0,23.0,0.0,22.0,639.3,-33.519877,-70.599905,2020-03-02 14:07:21,60.0,1
227,22.0,390.0,10.5,32.0,5.0,76.0,105.0,32.0,3.329,28.0,3.32,5.0,57519.2,6882.0,-1103.9,-23517.3,-31179.0,-4461.6,-128.6,-22.6,-2083.3,-746.8,62.0,51.6,68.0,47.2,0.0,175019.4,-63306.9,880.0,880.0,23.0,94.0,35.0,23.0,0.0,0.0,638.3,-33.519404,-70.600303,2020-03-02 14:08:21,60.0,1
228,53.0,390.0,84.1,27.0,83.0,76.0,81.0,32.0,3.31,28.0,3.296,5.0,57519.5,6903.3,-1107.9,-23528.3,-31333.0,-4471.6,-128.6,-22.6,-2085.5,-746.8,62.0,51.6,68.0,47.2,0.0,175960.9,-63488.2,868.0,868.0,23.0,94.0,35.0,23.0,0.0,53.0,635.1,-33.516846,-70.602132,2020-03-02 14:09:21,60.0,1
229,0.0,280.0,10.5,27.0,1.0,76.0,105.0,32.0,3.33,28.0,3.322,5.0,57520.3,6903.3,-1111.9,-23533.0,-31388.3,-4569.5,-137.1,-22.6,-2103.6,-746.8,62.0,51.6,68.0,47.2,16.0,176114.8,-63676.4,816.0,812.0,23.0,94.0,35.0,23.0,0.0,0.0,638.7,-33.511883,-70.607849,2020-03-02 14:10:21,60.0,1
230,0.0,280.0,6.4,27.0,1.0,2.0,106.0,32.0,3.331,29.0,3.324,5.0,57520.8,6947.8,-1111.9,-23568.2,-31622.0,-4620.6,-137.1,-22.6,-2103.6,-746.8,62.0,51.6,68.0,47.2,14.0,176801.1,-63996.4,788.0,792.0,23.0,94.0,35.0,23.0,0.0,2.0,638.5,-33.509162,-70.611157,2020-03-02 14:11:21,60.0,1
231,50.0,346.0,167.1,27.0,83.0,76.0,81.0,32.0,3.31,28.0,3.289,5.0,57520.8,6972.2,-1111.9,-23568.2,-31622.0,-4620.6,-137.1,-22.6,-2103.6,-746.8,62.0,51.6,68.0,47.2,0.0,177170.3,-63996.4,1000.0,1000.0,23.0,93.0,35.0,23.0,0.0,37.0,634.6,-33.508939,-70.611461,2020-03-02 14:12:21,60.0,1
232,43.0,346.0,180.6,27.0,1.0,76.0,81.0,32.0,3.312,28.0,3.295,5.0,57521.7,6972.2,-1111.9,-23737.3,-31673.6,-4620.6,-137.1,-22.6,-2134.2,-760.0,62.0,51.6,68.0,47.2,0.0,177822.5,-64261.0,972.0,972.0,23.0,93.0,34.0,23.0,0.0,48.0,636.5,-33.502911,-70.615153,2020-03-02 14:13:21,60.0,1
233,0.0,320.0,10.4,27.0,1.0,3.0,204.0,32.0,3.33,29.0,3.322,5.0,57521.9,6972.2,-1111.9,-23800.9,-31880.4,-4620.6,-137.1,-22.6,-2149.2,-765.0,62.0,51.6,68.0,47.6,16.0,178029.0,-64551.4,920.0,920.0,23.0,93.0,33.0,23.0,0.0,0.0,638.6,-33.501293,-70.615334,2020-03-02 14:14:21,60.0,1
234,95.0,320.0,209.2,27.0,83.0,3.0,81.0,32.0,3.305,29.0,3.285,5.0,57522.2,7014.8,-1111.9,-23851.3,-32103.0,-4620.6,-137.1,-22.6,-2149.2,-765.0,62.0,51.6,68.0,47.2,0.0,178977.5,-64824.5,840.0,840.0,23.0,93.0,33.0,23.0,0.0,48.0,633.3,-33.498509,-70.615855,2020-03-02 14:15:21,60.0,1
235,100.0,316.0,87.3,27.0,83.0,4.0,129.0,32.0,3.315,29.0,3.304,5.0,57522.7,7035.3,-1122.3,-23941.0,-32337.2,-4620.6,-137.1,-22.6,-2162.6,-777.4,62.0,51.6,68.0,47.2,0.0,179750.4,-65184.6,820.0,824.0,23.0,93.0,33.0,22.0,0.0,53.0,635.5,-33.49418,-70.616898,2020-03-02 14:16:21,60.0,1
236,0.0,316.0,14.2,27.0,1.0,3.0,116.0,32.0,3.329,29.0,3.32,5.0,57523.0,7035.3,-1141.7,-24034.5,-32438.2,-4636.6,-137.1,-22.6,-2166.5,-783.1,62.0,51.6,68.0,48.0,0.0,179891.3,-65423.9,892.0,892.0,23.0,93.0,33.0,22.0,0.0,0.0,638.3,-33.491824,-70.617327,2020-03-02 14:17:21,60.0,1
237,40.0,330.0,17.5,27.0,1.0,3.0,57.0,32.0,3.324,29.0,3.316,5.0,57523.4,7056.6,-1141.7,-24034.5,-32438.2,-4636.6,-137.1,-22.6,-2166.5,-783.1,62.0,51.6,68.0,48.0,0.0,180499.2,-65423.9,1000.0,1000.0,23.0,93.0,33.0,22.0,0.0,54.0,637.3,-33.488644,-70.618098,2020-03-02 14:18:21,60.0,1
238,0.0,330.0,-154.3,27.0,81.0,4.0,58.0,32.0,3.356,29.0,3.34,5.0,57524.1,7061.5,-1142.6,-24302.4,-32650.4,-4636.6,-137.1,-22.6,-2167.9,-783.4,62.0,51.6,68.0,47.2,18.0,181127.8,-65907.5,980.0,976.0,23.0,93.0,33.0,22.0,0.0,34.0,641.9,-33.482745,-70.620863,2020-03-02 14:19:21,60.0,1
239,0.0,488.0,-94.3,27.0,81.0,4.0,203.0,32.0,3.345,29.0,3.334,5.0,57524.6,7087.1,-1154.6,-24469.9,-32808.0,-4636.6,-137.1,-22.6,-2190.1,-783.4,62.0,51.6,68.0,47.2,26.0,181718.8,-66266.9,948.0,948.0,23.0,93.0,33.0,22.0,0.0,10.0,640.8,-33.478665,-70.621945,2020-03-02 14:20:21,60.0,1
240,27.0,482.0,18.9,27.0,1.0,4.0,105.0,32.0,3.33,29.0,3.321,5.0,57524.7,7110.0,-1156.1,-24494.4,-32827.2,-4636.6,-137.1,-22.6,-2190.1,-783.4,62.0,51.6,68.0,47.6,0.0,181921.9,-66312.0,912.0,916.0,23.0,92.0,32.0,22.0,0.0,1.0,638.4,-33.478067,-70.622063,2020-03-02 14:21:21,60.0,1
241,42.0,336.0,29.5,27.0,1.0,4.0,105.0,32.0,3.322,29.0,3.314,5.0,57525.4,7133.1,-1156.1,-24494.4,-32827.2,-4636.6,-137.1,-22.6,-2190.2,-783.6,62.0,51.6,68.0,47.6,0.0,182727.9,-66312.2,936.0,936.0,23.0,92.0,32.0,22.0,0.0,53.0,637.1,-33.472054,-70.62371,2020-03-02 14:22:21,60.0,1
242,0.0,336.0,-51.9,27.0,4.0,4.0,106.0,32.0,3.334,29.0,3.325,5.0,57526.0,7157.6,-1156.1,-24516.6,-33057.3,-4636.6,-137.1,-22.6,-2190.3,-783.7,62.0,51.6,68.0,47.2,20.0,183112.2,-66564.7,856.0,856.0,23.0,92.0,32.0,22.0,0.0,11.0,639.2,-33.467708,-70.626323,2020-03-02 14:23:21,60.0,1
243,11.0,370.0,65.9,27.0,83.0,4.0,81.0,32.0,3.315,29.0,3.305,5.0,57526.6,7180.5,-1156.1,-24524.1,-33057.3,-4636.6,-137.1,-22.6,-2190.3,-783.7,62.0,51.6,68.0,47.2,0.0,183987.7,-66572.2,840.0,852.0,23.0,92.0,32.0,22.0,0.0,52.0,636.1,-33.4633,-70.627593,2020-03-02 14:24:21,60.0,1
244,100.0,370.0,231.0,25.0,83.0,4.0,81.0,32.0,3.305,29.0,3.283,5.0,57527.2,7183.2,-1164.2,-24629.8,-33386.3,-4639.7,-137.1,-22.6,-2194.4,-785.7,62.0,51.6,68.0,47.2,0.0,184927.2,-67024.2,816.0,828.0,23.0,92.0,32.0,22.0,0.0,30.0,633.1,-33.457943,-70.629094,2020-03-02 14:25:21,60.0,1
245,0.0,316.0,14.3,22.0,1.0,4.0,105.0,32.0,3.325,29.0,3.317,5.0,57527.5,7205.8,-1164.2,-24689.0,-33577.3,-4639.7,-137.1,-22.6,-2194.4,-785.7,62.0,51.6,68.0,47.2,15.0,185466.0,-67274.4,840.0,840.0,23.0,92.0,32.0,22.0,0.0,0.0,637.7,-33.455818,-70.629768,2020-03-02 14:26:21,60.0,1
246,0.0,316.0,-236.9,22.0,81.0,4.0,106.0,32.0,3.357,29.0,3.333,5.0,57527.8,7229.7,-1164.2,-24733.9,-33600.8,-4639.7,-137.1,-22.6,-2194.4,-785.7,62.0,51.6,68.0,47.2,24.0,186284.8,-67342.8,1000.0,1000.0,23.0,92.0,32.0,22.0,0.0,42.0,641.1,-33.45281,-70.63064,2020-03-02 14:27:21,60.0,1
247,100.0,310.0,244.9,22.0,83.0,4.0,81.0,32.0,3.305,29.0,3.285,5.0,57527.9,7257.2,-1164.2,-24784.6,-33736.8,-4639.7,-137.1,-22.6,-2194.4,-785.7,62.0,51.6,68.0,47.2,0.0,186499.0,-67529.4,988.0,988.0,23.0,92.0,32.0,22.0,0.0,25.0,633.3,-33.452136,-70.630816,2020-03-02 14:28:21,60.0,1
248,20.0,310.0,8.9,22.0,1.0,4.0,107.0,32.0,3.328,29.0,3.32,5.0,57528.3,7257.2,-1164.2,-24844.8,-33909.9,-4639.7,-137.1,-22.6,-2194.4,-785.7,62.0,51.6,68.0,47.2,0.0,187118.0,-67762.7,932.0,936.0,23.0,92.0,32.0,22.0,0.0,0.0,638.1,-33.449086,-70.63176,2020-03-02 14:29:21,60.0,1
249,66.0,226.0,174.1,22.0,131.0,4.0,81.0,32.0,3.309,29.0,3.289,5.0,57528.5,7297.9,-1164.2,-24901.8,-34002.1,-4639.7,-137.1,-22.6,-2194.4,-785.7,62.0,51.6,68.0,47.2,0.0,187695.5,-67912.0,908.0,916.0,23.0,91.0,32.0,22.0,0.0,27.0,634.8,-33.447701,-70.632122,2020-03-02 14:30:21,60.0,1
250,100.0,226.0,143.5,19.0,1.0,12.0,81.0,32.0,3.32,29.0,3.309,5.0,57529.0,7319.7,-1164.2,-24938.3,-34109.9,-4732.9,-137.1,-22.6,-2211.8,-788.6,62.0,51.6,68.0,47.2,0.0,188613.7,-68169.5,840.0,848.0,23.0,91.0,32.0,22.0,0.0,10.0,635.5,-33.443481,-70.633423,2020-03-02 14:31:21,60.0,1
251,76.0,228.0,-188.7,19.0,81.0,44.0,106.0,32.0,3.351,29.0,3.329,5.0,57529.5,7347.9,-1169.3,-25034.9,-34228.7,-4739.5,-137.1,-22.6,-2232.5,-810.8,62.0,51.6,67.2,47.2,0.0,189850.5,-68439.8,820.0,840.0,23.0,91.0,33.0,22.0,0.0,42.0,640.9,-33.438939,-70.634683,2020-03-02 14:32:21,60.0,1
252,0.0,228.0,14.9,19.0,1.0,12.0,115.0,32.0,3.315,29.0,3.305,5.0,57529.7,7371.3,-1173.1,-25093.5,-34286.8,-4739.5,-137.1,-22.6,-2241.3,-819.0,62.0,51.6,68.0,47.2,15.0,190099.4,-68577.2,988.0,988.0,23.0,91.0,33.0,22.0,0.0,12.0,637.3,-33.43766,-70.634925,2020-03-02 14:33:21,60.0,1
253,3.0,188.0,8.1,19.0,1.0,4.0,204.0,32.0,3.326,29.0,3.32,5.0,57529.7,7392.6,-1173.6,-25101.4,-34286.8,-4739.5,-137.1,-22.6,-2244.0,-820.2,62.0,51.6,67.2,48.0,0.0,190279.8,-68589.4,972.0,968.0,23.0,91.0,33.0,22.0,0.0,0.0,637.9,-33.437112,-70.635232,2020-03-02 14:34:21,60.0,1
254,0.0,188.0,-42.3,19.0,8.0,12.0,204.0,32.0,3.336,29.0,3.326,5.0,57530.1,7419.5,-1175.7,-25210.6,-34298.3,-4755.3,-145.3,-47.6,-2246.9,-820.6,62.0,51.6,67.2,47.2,28.0,190932.9,-68764.9,908.0,908.0,23.0,91.0,33.0,22.0,0.0,11.0,639.1,-33.435766,-70.638353,2020-03-02 14:35:21,60.0,1
255,0.0,180.0,9.2,19.0,1.0,12.0,19.0,32.0,3.326,29.0,3.317,5.0,57530.2,7457.2,-1178.6,-25263.2,-34310.6,-4755.3,-145.3,-47.6,-2250.4,-821.0,62.0,51.6,68.0,47.2,5.0,191177.7,-68836.6,828.0,828.0,23.0,90.0,34.0,22.0,0.0,11.0,637.9,-33.43627,-70.639177,2020-03-02 14:36:21,60.0,1
256,0.0,180.0,7.9,19.0,1.0,12.0,204.0,32.0,3.33,29.0,3.321,5.0,57530.3,7457.2,-1178.6,-25265.1,-34310.6,-4755.3,-145.3,-47.6,-2250.4,-821.0,62.0,51.6,68.0,47.2,0.0,191262.0,-68838.5,812.0,804.0,23.0,90.0,33.0,22.0,0.0,0.0,638.4,-33.43627,-70.639177,2020-03-02 14:37:21,60.0,1
257,0.0,156.0,7.8,19.0,1.0,12.0,203.0,32.0,3.33,29.0,3.322,5.0,57530.3,7457.2,-1178.6,-25265.1,-34310.6,-4755.3,-145.3,-47.6,-2250.4,-821.0,62.0,51.6,68.0,47.2,0.0,191344.7,-68838.5,812.0,804.0,23.0,90.0,33.0,22.0,0.0,0.0,638.5,-33.43627,-70.639177,2020-03-02 14:38:21,60.0,1
258,0.0,156.0,8.0,19.0,1.0,12.0,204.0,32.0,3.33,29.0,3.322,5.0,57530.3,7457.2,-1178.6,-25265.1,-34310.6,-4755.3,-145.3,-47.6,-2250.4,-821.0,62.0,51.6,68.0,47.2,0.0,191428.0,-68838.5,816.0,808.0,23.0,90.0,32.0,22.0,0.0,0.0,638.7,-33.43627,-70.639177,2020-03-02 14:39:21,60.0,1
259,0.0,156.0,7.8,19.0,1.0,12.0,204.0,32.0,3.33,29.0,3.324,5.0,57530.3,7457.2,-1178.6,-25265.1,-34310.6,-4755.3,-145.3,-47.6,-2250.4,-821.0,62.0,51.6,68.0,47.2,0.0,191513.6,-68838.5,816.0,804.0,23.0,90.0,32.0,22.0,0.0,0.0,638.7,-33.43627,-70.639177,2020-03-02 14:40:21,60.0,1
260,0.0,156.0,7.9,19.0,1.0,12.0,204.0,32.0,3.33,29.0,3.324,5.0,57530.3,7457.2,-1178.6,-25265.1,-34310.6,-4755.3,-145.3,-47.6,-2250.4,-821.0,62.0,51.6,68.0,47.2,0.0,191594.8,-68838.5,816.0,812.0,23.0,90.0,32.0,22.0,0.0,0.0,638.8,-33.43627,-70.639177,2020-03-02 14:41:21,60.0,1
261,0.0,156.0,8.1,19.0,7.0,12.0,204.0,32.0,3.331,29.0,3.324,5.0,57530.3,7457.2,-1178.6,-25265.1,-34310.6,-4755.3,-145.3,-47.6,-2250.4,-821.0,62.0,51.6,68.0,47.2,0.0,191678.8,-68838.5,808.0,808.0,23.0,90.0,32.0,22.0,0.0,0.0,638.9,-33.43627,-70.639177,2020-03-02 14:42:21,60.0,1
262,0.0,156.0,7.3,19.0,1.0,12.0,108.0,32.0,3.331,29.0,3.325,5.0,57530.3,7457.2,-1178.6,-25265.1,-34310.6,-4755.3,-145.3,-47.6,-2250.4,-821.0,62.0,51.6,68.0,47.2,0.0,191755.9,-68838.5,816.0,804.0,23.0,90.0,31.0,22.0,0.0,0.0,638.9,-33.43627,-70.639177,2020-03-02 14:43:21,60.0,1
263,0.0,156.0,-19.9,19.0,1.0,12.0,204.0,32.0,3.333,29.0,3.325,5.0,57530.3,7477.8,-1178.6,-25268.4,-34310.6,-4755.3,-145.3,-47.6,-2250.4,-821.0,62.0,51.6,67.2,47.2,17.0,191867.1,-68841.8,800.0,792.0,23.0,90.0,31.0,22.0,0.0,11.0,639.2,-33.436439,-70.639226,2020-03-02 14:44:21,60.0,1
264,0.0,156.0,7.5,19.0,1.0,12.0,204.0,32.0,3.33,29.0,3.324,5.0,57530.3,7477.8,-1178.6,-25273.4,-34310.6,-4755.3,-145.3,-47.6,-2250.4,-821.0,62.0,51.6,67.2,48.0,0.0,191993.7,-68846.7,1000.0,1000.0,23.0,90.0,32.0,22.0,0.0,0.0,638.8,-33.436439,-70.639226,2020-03-02 14:45:21,60.0,1
265,0.0,156.0,7.8,19.0,1.0,12.0,202.0,32.0,3.331,29.0,3.325,5.0,57530.3,7477.8,-1178.6,-25273.4,-34310.6,-4755.3,-145.3,-47.6,-2250.4,-821.0,62.0,51.6,67.2,48.0,0.0,192071.2,-68846.7,1000.0,992.0,23.0,90.0,32.0,22.0,0.0,0.0,638.9,-33.436439,-70.639226,2020-03-02 14:46:21,60.0,1
266,0.0,156.0,8.1,19.0,1.0,12.0,204.0,32.0,3.331,29.0,3.325,5.0,57530.3,7477.8,-1178.6,-25273.4,-34310.6,-4755.3,-145.3,-47.6,-2250.4,-821.0,62.0,51.6,67.2,48.0,0.0,192153.5,-68846.7,1000.0,988.0,23.0,90.0,32.0,22.0,0.0,0.0,638.9,-33.436439,-70.639226,2020-03-02 14:47:21,60.0,1
267,0.0,156.0,2.6,19.0,1.0,12.0,105.0,32.0,3.333,29.0,3.325,5.0,57530.3,7477.8,-1178.6,-25273.4,-34310.6,-4755.3,-145.3,-47.6,-2250.4,-821.0,62.0,51.6,67.2,48.0,0.0,192186.3,-68846.7,992.0,988.0,23.0,90.0,32.0,21.0,0.0,0.0,639.2,-33.436439,-70.639226,2020-03-02 14:48:21,60.0,1
268,0.0,156.0,2.5,19.0,1.0,12.0,202.0,32.0,3.334,29.0,3.326,5.0,57530.3,7477.8,-1178.6,-25273.4,-34310.6,-4755.3,-145.3,-47.6,-2250.4,-821.0,62.0,51.6,67.2,48.0,0.0,192206.2,-68846.7,988.0,988.0,23.0,90.0,33.0,21.0,0.0,0.0,639.3,-33.436439,-70.639226,2020-03-02 14:49:21,60.0,1
269,0.0,156.0,2.5,17.0,1.0,12.0,58.0,32.0,3.334,29.0,3.326,5.0,57530.3,7477.8,-1178.6,-25273.4,-34310.6,-4755.3,-145.3,-47.6,-2250.4,-821.0,62.0,51.6,67.2,48.0,0.0,192225.4,-68846.7,996.0,988.0,23.0,90.0,33.0,22.0,0.0,0.0,639.3,-33.436439,-70.639226,2020-03-02 14:50:21,60.0,1
270,0.0,156.0,2.5,17.0,1.0,44.0,105.0,32.0,3.334,29.0,3.326,5.0,57530.3,7477.8,-1178.6,-25273.4,-34310.6,-4755.3,-145.3,-47.6,-2250.4,-821.0,62.0,51.6,67.2,48.0,0.0,192244.4,-68846.7,996.0,988.0,23.0,90.0,33.0,22.0,0.0,0.0,639.4,-33.436439,-70.639226,2020-03-02 14:51:21,60.0,1
271,0.0,156.0,2.6,17.0,1.0,44.0,105.0,32.0,3.334,29.0,3.326,5.0,57530.3,7477.8,-1178.6,-25273.4,-34310.6,-4755.3,-145.3,-47.6,-2250.4,-821.0,62.0,51.6,67.2,48.0,0.0,192263.2,-68846.7,988.0,988.0,23.0,90.0,34.0,23.0,0.0,0.0,639.4,-33.436439,-70.639226,2020-03-02 14:52:21,60.0,1
272,0.0,156.0,10.2,17.0,1.0,44.0,105.0,32.0,3.333,29.0,3.325,5.0,57530.3,7477.8,-1178.6,-25273.4,-34310.6,-4755.3,-145.3,-47.6,-2250.4,-821.0,62.0,51.6,67.2,48.0,0.0,192351.7,-68846.7,964.0,960.0,23.0,90.0,33.0,23.0,0.0,0.0,639.1,-33.436439,-70.639226,2020-03-02 14:53:21,60.0,1
273,0.0,156.0,11.4,17.0,1.0,44.0,115.0,32.0,3.324,29.0,3.31,5.0,57530.3,7524.3,-1180.8,-25275.6,-34310.6,-4755.3,-145.3,-47.6,-2250.4,-821.0,62.0,51.6,67.2,47.2,0.0,192532.7,-68851.2,908.0,908.0,23.0,90.0,33.0,24.0,0.0,13.0,637.8,-33.436886,-70.639293,2020-03-02 14:54:21,60.0,1
274,3.0,156.0,8.1,17.0,1.0,44.0,105.0,32.0,3.33,29.0,3.321,5.0,57530.6,7524.3,-1188.1,-25387.6,-34352.0,-4755.3,-145.3,-47.6,-2260.8,-828.4,62.0,51.6,67.2,47.2,0.0,193145.7,-69029.8,868.0,868.0,23.0,90.0,32.0,24.0,0.0,0.0,638.5,-33.437356,-70.636674,2020-03-02 14:55:21,60.0,1
275,0.0,156.0,8.0,17.0,1.0,44.0,105.0,32.0,3.33,29.0,3.321,5.0,57530.7,7555.3,-1188.1,-25408.1,-34393.0,-4755.3,-145.3,-47.6,-2260.8,-828.4,62.0,51.6,68.0,48.0,15.0,193402.7,-69091.2,828.0,816.0,23.0,90.0,32.0,24.0,0.0,0.0,638.5,-33.438038,-70.636308,2020-03-02 14:56:21,60.0,1
276,100.0,156.0,227.9,17.0,241.0,44.0,81.0,32.0,3.305,29.0,3.284,5.0,57531.0,7587.2,-1193.3,-25480.9,-34470.8,-4797.7,-145.3,-47.6,-2284.1,-834.8,62.0,51.6,67.2,47.2,0.0,194224.0,-69319.1,776.0,776.0,23.0,90.0,32.0,24.0,0.0,33.0,633.3,-33.440325,-70.635276,2020-03-02 14:57:21,60.0,1
277,0.0,156.0,13.4,30.0,1.0,52.0,105.0,33.0,3.325,29.0,3.317,5.0,57531.4,7587.2,-1209.3,-25543.0,-34714.1,-4819.7,-145.3,-47.6,-2306.3,-838.9,62.0,51.6,67.2,47.2,20.0,195023.5,-69692.0,1000.0,1000.0,23.0,90.0,32.0,24.0,0.0,0.0,637.8,-33.442815,-70.633647,2020-03-02 14:58:21,60.0,1
278,100.0,156.0,224.1,30.0,83.0,52.0,81.0,33.0,3.305,29.0,3.285,5.0,57531.7,7629.4,-1209.3,-25575.8,-34865.9,-4819.7,-145.3,-47.6,-2321.1,-840.2,62.0,51.6,68.0,47.2,0.0,195725.7,-69896.5,916.0,912.0,23.0,90.0,33.0,24.0,0.0,35.0,633.3,-33.445315,-70.632889,2020-03-02 14:59:21,60.0,1
279,0.0,152.0,-241.2,30.0,81.0,52.0,201.0,33.0,3.364,29.0,3.34,5.0,57532.5,7629.4,-1209.3,-25656.8,-35007.1,-4907.0,-145.3,-47.6,-2342.4,-842.6,62.0,51.6,67.2,47.2,33.0,196582.9,-70229.8,876.0,872.0,23.0,89.0,33.0,24.0,0.0,30.0,642.3,-33.451188,-70.63113,2020-03-02 15:00:21,60.0,1
280,0.0,152.0,1.4,30.0,205.0,52.0,81.0,33.0,3.311,29.0,3.294,5.0,57532.6,7654.5,-1214.1,-25662.3,-35078.4,-4917.8,-145.3,-47.6,-2342.4,-842.6,62.0,51.6,67.2,47.2,10.0,197126.0,-70322.1,860.0,860.0,23.0,89.0,33.0,24.0,0.0,51.0,636.3,-33.452716,-70.630666,2020-03-02 15:01:21,60.0,1
281,0.0,152.0,190.4,30.0,241.0,52.0,81.0,33.0,3.301,29.0,3.283,5.0,57533.0,7677.7,-1216.6,-25844.0,-35279.8,-4917.8,-145.3,-47.6,-2353.6,-849.4,62.0,51.6,67.2,47.2,0.0,197814.2,-70725.5,816.0,824.0,23.0,89.0,33.0,24.0,0.0,45.0,633.2,-33.455874,-70.62978,2020-03-02 15:02:21,60.0,1
282,100.0,152.0,22.1,27.0,1.0,52.0,105.0,33.0,3.321,29.0,3.314,5.0,57533.8,7677.7,-1218.9,-25864.7,-35509.4,-4917.8,-145.3,-47.6,-2366.8,-859.3,62.0,51.6,67.2,47.2,0.0,198571.2,-71001.3,816.0,828.0,23.0,89.0,33.0,24.0,0.0,54.0,637.0,-33.46193,-70.627983,2020-03-02 15:03:21,60.0,1
283,100.0,238.0,249.3,27.0,83.0,52.0,81.0,33.0,3.304,29.0,3.28,5.0,57534.4,7702.7,-1223.6,-25981.2,-35641.3,-5012.9,-145.3,-47.6,-2374.8,-872.5,62.0,51.6,67.2,47.2,0.0,199126.8,-71370.7,788.0,792.0,23.0,89.0,33.0,24.0,0.0,27.0,633.0,-33.466975,-70.62657,2020-03-02 15:04:21,60.0,1
284,97.0,238.0,74.3,27.0,1.0,52.0,115.0,33.0,3.316,29.0,3.308,5.0,57535.2,7702.7,-1223.6,-25981.2,-35641.3,-5012.9,-145.3,-47.6,-2374.8,-872.5,62.0,51.6,67.2,47.2,0.0,199995.7,-71370.7,1000.0,1000.0,23.0,89.0,33.0,24.0,0.0,53.0,635.6,-33.473373,-70.623546,2020-03-02 15:05:21,60.0,1
285,100.0,270.0,58.4,27.0,1.0,52.0,105.0,33.0,3.315,29.0,3.306,5.0,57535.7,7726.1,-1223.6,-26127.7,-35768.1,-5012.9,-145.3,-47.6,-2374.8,-872.5,62.0,51.6,67.2,47.2,0.0,200710.2,-71644.0,972.0,972.0,23.0,88.0,33.0,24.0,0.0,53.0,635.6,-33.477048,-70.622536,2020-03-02 15:06:21,60.0,1
286,90.0,270.0,27.3,22.0,1.0,76.0,115.0,33.0,3.314,29.0,3.305,5.0,57536.3,7749.3,-1227.6,-26153.0,-35915.5,-5042.9,-145.3,-47.6,-2382.7,-878.4,62.0,51.6,67.2,47.2,0.0,201613.5,-71864.6,880.0,892.0,23.0,88.0,34.0,24.0,0.0,53.0,635.4,-33.482143,-70.621215,2020-03-02 15:07:21,60.0,1
287,0.0,272.0,11.2,22.0,1.0,52.0,204.0,33.0,3.325,29.0,3.317,5.0,57536.7,7749.3,-1227.6,-26162.0,-36109.8,-5042.9,-145.3,-47.6,-2382.7,-878.7,62.0,51.6,67.2,47.2,15.0,201931.5,-72068.1,852.0,856.0,23.0,88.0,34.0,25.0,0.0,0.0,637.6,-33.485454,-70.619579,2020-03-02 15:08:21,60.0,1
288,100.0,270.0,231.7,22.0,21.0,66.0,81.0,33.0,3.3,29.0,3.28,5.0,57536.9,7807.6,-1227.6,-26162.0,-36240.8,-5075.7,-145.3,-47.6,-2382.7,-878.7,62.0,51.6,67.2,47.2,0.0,202759.6,-72232.0,816.0,816.0,23.0,88.0,34.0,25.0,0.0,33.0,632.3,-33.48698,-70.618649,2020-03-02 15:09:21,60.0,1
289,100.0,250.0,41.6,22.0,35.0,76.0,81.0,33.0,3.309,29.0,3.297,5.0,57537.8,7807.6,-1227.6,-26162.0,-36240.8,-5075.7,-145.3,-47.6,-2382.7,-878.7,62.0,51.6,67.2,47.2,0.0,203862.3,-72232.0,828.0,828.0,23.0,88.0,34.0,24.0,0.0,52.0,634.6,-33.493932,-70.616862,2020-03-02 15:10:21,60.0,1
