Acelerador,Corriente Instantanea,Odómetro,P. Cons. Ini Mov.,P. Gen. Freno Umbral 1,P. Gen. Freno Umbral 2,P. Gen. Freno Umbral 3,P. Gen. Freno Umbral 4,P. Gen. Freno Umbral 5,P. Gen. Freno Umbral 6,P. Gen. Retardador,P. Gen. TPS en uso,Pedal de Freno,Potencia Total Consumida,Potencia Total Generada,Presión Aire 1,Presión Aire 2,SOC,Temperatura de Motor,Velocidad,Voltaje Instantaneo,latitud,longitud,hora
0.0,0.0,0.0,0.0,0.0,0.0,0.0,0.0,0.0,0.0,0.0,0.0,0.0,0.0,0.0,0.0,0.0,100.0,0.0,0.0,641.4,-33.633152,-70.609514,2020-03-01 15:13:49
0.0,0.0,37362.4,0.0,0.0,0.0,0.0,0.0,0.0,0.0,0.0,0.0,0.0,0.5,0.0,816.0,816.0,100.0,27.0,0.0,642.0,-33.633018,-70.609622,2020-03-01 15:14:49
0.0,0.0,37362.4,0.0,0.0,0.0,0.0,0.0,0.0,0.0,0.0,0.0,0.0,0.5,0.0,816.0,816.0,100.0,27.0,0.0,641.9,-33.633018,-70.609622,2020-03-01 15:15:49
0.0,0.0,37362.4,0.0,0.0,0.0,0.0,0.0,0.0,0.0,0.0,0.0,0.0,0.5,0.0,804.0,804.0,100.0,27.0,0.0,641.9,-33.633018,-70.609622,2020-03-01 15:16:49
0.0,0.0,37362.4,0.0,0.0,0.0,0.0,0.0,0.0,0.0,0.0,0.0,0.0,0.5,0.0,804.0,804.0,100.0,27.0,0.0,641.8,-33.633018,-70.609622,2020-03-01 15:17:49
0.0,0.0,37362.4,0.0,0.0,0.0,0.0,0.0,0.0,0.0,0.0,0.0,0.0,0.5,0.0,804.0,804.0,100.0,27.0,0.0,641.8,-33.633018,-70.609622,2020-03-01 15:18:49
0.0,0.0,37362.4,0.0,0.0,0.0,0.0,0.0,0.0,0.0,0.0,0.0,0.0,0.5,0.0,804.0,804.0,100.0,27.0,0.0,641.8,-33.633018,-70.609622,2020-03-01 15:19:49
0.0,0.0,37362.4,0.0,0.0,0.0,0.0,0.0,0.0,0.0,0.0,0.0,0.0,0.5,0.0,804.0,804.0,100.0,27.0,0.0,641.7,-33.633018,-70.609622,2020-03-01 15:20:49
0.0,0.0,37362.4,0.0,0.0,0.0,0.0,0.0,0.0,0.0,0.0,0.0,0.0,0.5,0.0,792.0,792.0,100.0,27.0,0.0,641.7,-33.633018,-70.609622,2020-03-01 15:21:49
0.0,2.6,37362.4,0.0,0.0,0.0,0.0,0.0,0.0,0.0,0.0,0.0,0.0,2.6,0.0,804.0,804.0,100.0,27.0,0.0,641.6,-33.633018,-70.609622,2020-03-01 15:22:49
0.0,10.6,37362.4,0.0,0.0,0.0,0.0,0.0,0.0,0.0,0.0,0.0,0.0,84.2,0.0,804.0,800.0,100.0,27.0,0.0,640.8,-33.633018,-70.609622,2020-03-01 15:23:49
0.0,13.1,37362.4,0.0,0.0,0.0,0.0,0.0,0.0,0.0,0.0,0.0,0.0,204.7,0.0,804.0,804.0,100.0,27.0,0.0,640.3,-33.633018,-70.609622,2020-03-01 15:24:49
0.0,18.2,37362.4,0.0,0.0,0.0,0.0,0.0,0.0,0.0,0.0,0.0,0.0,374.8,0.0,788.0,800.0,100.0,27.0,0.0,639.5,-33.633018,-70.609622,2020-03-01 15:25:49
0.0,18.9,37362.4,0.0,0.0,0.0,0.0,0.0,0.0,0.0,0.0,0.0,0.0,579.7,0.0,800.0,804.0,100.0,27.0,0.0,638.9,-33.633018,-70.609622,2020-03-01 15:26:49
0.0,19.3,37362.4,0.0,0.0,0.0,0.0,0.0,0.0,0.0,0.0,0.0,0.0,785.7,0.0,804.0,804.0,100.0,27.0,0.0,638.4,-33.633018,-70.609622,2020-03-01 15:27:49
0.0,19.3,37362.4,0.0,0.0,0.0,0.0,0.0,0.0,0.0,0.0,0.0,0.0,990.0,0.0,804.0,804.0,100.0,27.0,0.0,638.1,-33.633018,-70.609622,2020-03-01 15:28:49
0.0,19.4,37362.4,0.0,0.0,0.0,0.0,0.0,0.0,0.0,0.0,0.0,0.0,1196.6,0.0,804.0,804.0,100.0,27.0,0.0,637.8,-33.633018,-70.609622,2020-03-01 15:29:49
0.0,19.5,37362.4,0.0,0.0,0.0,0.0,0.0,0.0,0.0,0.0,0.0,0.0,1403.4,0.0,804.0,804.0,100.0,27.0,0.0,637.6,-33.633018,-70.609622,2020-03-01 15:30:49
0.0,19.1,37362.4,0.0,0.0,0.0,0.0,0.0,0.0,0.0,0.0,0.0,0.0,1608.4,0.0,792.0,792.0,100.0,27.0,0.0,637.4,-33.633018,-70.609622,2020-03-01 15:31:49
0.0,19.0,37362.4,0.0,0.0,0.0,0.0,0.0,0.0,0.0,0.0,0.0,0.0,1812.4,0.0,788.0,788.0,99.0,27.0,0.0,637.2,-33.633018,-70.609622,2020-03-01 15:32:49
0.0,19.1,37362.4,0.0,0.0,0.0,0.0,0.0,0.0,0.0,0.0,0.0,0.0,2013.9,0.0,804.0,792.0,99.0,27.0,0.0,637.2,-33.633018,-70.609622,2020-03-01 15:33:49
0.0,18.8,37362.4,0.0,0.0,0.0,0.0,0.0,0.0,0.0,0.0,0.0,0.0,2215.9,0.0,792.0,796.0,99.0,27.0,0.0,637.2,-33.633018,-70.609622,2020-03-01 15:34:49
0.0,18.7,37362.4,0.0,0.0,0.0,0.0,0.0,0.0,0.0,0.0,0.0,0.0,2415.0,0.0,788.0,804.0,99.0,27.0,0.0,637.1,-33.633018,-70.609622,2020-03-01 15:35:49
0.0,16.0,37362.4,0.0,0.0,0.0,0.0,0.0,0.0,0.0,0.0,0.0,0.0,2596.6,0.0,788.0,792.0,99.0,27.0,0.0,637.2,-33.633018,-70.609622,2020-03-01 15:36:49
0.0,16.0,37362.4,0.0,0.0,0.0,0.0,0.0,0.0,0.0,0.0,0.0,0.0,2766.4,0.0,788.0,780.0,99.0,28.0,0.0,637.2,-33.633018,-70.609622,2020-03-01 15:37:49
0.0,23.3,37362.4,0.0,0.0,0.0,0.0,0.0,0.0,0.0,0.0,0.0,0.0,2965.0,0.0,856.0,856.0,99.0,28.0,0.0,637.0,-33.633018,-70.609622,2020-03-01 15:38:49
0.0,17.0,37362.4,0.0,0.0,0.0,0.0,0.0,0.0,0.0,0.0,0.0,0.0,3175.7,0.0,988.0,992.0,99.0,28.0,0.0,637.2,-33.633018,-70.609622,2020-03-01 15:39:49
0.0,12.3,37362.4,0.0,0.0,0.0,0.0,0.0,0.0,0.0,0.0,0.0,0.0,3332.7,0.0,988.0,988.0,99.0,28.0,0.0,637.4,-33.633018,-70.609622,2020-03-01 15:40:49
0.0,7.9,37362.4,0.0,0.0,0.0,0.0,0.0,0.0,0.0,0.0,0.0,0.0,3441.0,0.0,976.0,988.0,99.0,28.0,0.0,637.6,-33.633018,-70.609622,2020-03-01 15:41:49
0.0,7.9,37362.4,0.0,0.0,0.0,0.0,0.0,0.0,0.0,0.0,0.0,0.0,3524.7,0.0,972.0,988.0,99.0,28.0,0.0,637.8,-33.633018,-70.609622,2020-03-01 15:42:49
0.0,7.9,37362.4,0.0,0.0,0.0,0.0,0.0,0.0,0.0,0.0,0.0,0.0,3608.7,0.0,988.0,976.0,99.0,28.0,0.0,637.9,-33.633018,-70.609622,2020-03-01 15:43:49
0.0,7.8,37362.4,0.0,0.0,0.0,0.0,0.0,0.0,0.0,0.0,0.0,0.0,3692.6,0.0,984.0,984.0,99.0,28.0,0.0,637.9,-33.633018,-70.609622,2020-03-01 15:44:49
0.0,8.0,37362.4,0.0,0.0,0.0,0.0,0.0,0.0,0.0,0.0,0.0,0.0,3776.0,0.0,988.0,988.0,99.0,28.0,0.0,638.0,-33.633018,-70.609622,2020-03-01 15:45:49
0.0,8.1,37362.4,0.0,0.0,0.0,0.0,0.0,0.0,0.0,0.0,0.0,0.0,3860.3,0.0,976.0,984.0,99.0,28.0,0.0,638.0,-33.633018,-70.609622,2020-03-01 15:46:49
0.0,7.8,37362.4,0.0,0.0,0.0,0.0,0.0,0.0,0.0,0.0,0.0,0.0,3943.8,0.0,976.0,984.0,99.0,28.0,0.0,638.0,-33.633018,-70.609622,2020-03-01 15:47:49
0.0,7.3,37362.4,0.0,0.0,0.0,0.0,0.0,0.0,0.0,0.0,0.0,0.0,4024.9,0.0,984.0,976.0,99.0,28.0,0.0,638.1,-33.633018,-70.609622,2020-03-01 15:48:49
0.0,7.2,37362.4,0.0,0.0,0.0,0.0,0.0,0.0,0.0,0.0,0.0,0.0,4102.9,0.0,972.0,976.0,99.0,28.0,0.0,638.2,-33.633018,-70.609622,2020-03-01 15:49:49
0.0,7.5,37362.4,0.0,0.0,0.0,0.0,0.0,0.0,0.0,0.0,0.0,0.0,4181.2,0.0,984.0,988.0,99.0,28.0,0.0,638.2,-33.633018,-70.609622,2020-03-01 15:50:49
0.0,7.9,37362.4,0.0,0.0,0.0,0.0,0.0,0.0,0.0,0.0,0.0,0.0,4262.2,0.0,976.0,984.0,99.0,28.0,0.0,638.2,-33.633018,-70.609622,2020-03-01 15:51:49
0.0,8.0,37362.4,0.0,0.0,0.0,0.0,0.0,0.0,0.0,0.0,0.0,0.0,4346.1,0.0,976.0,988.0,99.0,28.0,0.0,638.2,-33.633018,-70.609622,2020-03-01 15:52:49
0.0,7.9,37362.4,0.0,0.0,0.0,0.0,0.0,0.0,0.0,0.0,0.0,0.0,4430.3,0.0,984.0,976.0,99.0,28.0,0.0,638.2,-33.633018,-70.609622,2020-03-01 15:53:49
0.0,7.9,37362.4,0.0,0.0,0.0,0.0,0.0,0.0,0.0,0.0,0.0,0.0,4514.2,0.0,984.0,984.0,98.0,28.0,0.0,638.2,-33.633018,-70.609622,2020-03-01 15:54:49
0.0,8.0,37362.4,0.0,0.0,0.0,0.0,0.0,0.0,0.0,0.0,0.0,0.0,4598.5,0.0,976.0,980.0,98.0,28.0,0.0,638.2,-33.633018,-70.609622,2020-03-01 15:55:49
0.0,7.9,37362.4,0.0,0.0,0.0,0.0,0.0,0.0,0.0,0.0,0.0,0.0,4682.3,0.0,980.0,984.0,98.0,28.0,0.0,638.2,-33.633018,-70.609622,2020-03-01 15:56:49
0.0,7.9,37362.4,0.0,0.0,0.0,0.0,0.0,0.0,0.0,0.0,0.0,0.0,4766.0,0.0,984.0,976.0,98.0,28.0,0.0,638.2,-33.633018,-70.609622,2020-03-01 15:57:49
0.0,7.9,37362.4,0.0,0.0,0.0,0.0,0.0,0.0,0.0,0.0,0.0,0.0,4850.4,0.0,980.0,980.0,98.0,28.0,0.0,638.3,-33.633018,-70.609622,2020-03-01 15:58:49
0.0,7.9,37362.4,0.0,0.0,0.0,0.0,0.0,0.0,0.0,0.0,0.0,0.0,4934.7,0.0,976.0,980.0,98.0,28.0,0.0,638.3,-33.633018,-70.609622,2020-03-01 15:59:49
0.0,7.2,37362.4,0.0,0.0,0.0,0.0,0.0,0.0,0.0,0.0,0.0,0.0,5018.2,0.0,972.0,976.0,98.0,28.0,0.0,638.3,-33.633018,-70.609622,2020-03-01 16:00:49
0.0,7.4,37362.4,0.0,0.0,0.0,0.0,0.0,0.0,0.0,0.0,0.0,0.0,5096.1,0.0,980.0,976.0,98.0,28.0,0.0,638.3,-33.633018,-70.609622,2020-03-01 16:01:49
0.0,7.3,37362.4,0.0,0.0,0.0,0.0,0.0,0.0,0.0,0.0,0.0,0.0,5174.2,0.0,972.0,972.0,98.0,28.0,0.0,638.3,-33.633018,-70.609622,2020-03-01 16:02:49
0.0,8.0,37362.4,0.0,0.0,0.0,0.0,0.0,0.0,0.0,0.0,0.0,0.0,5252.6,0.0,972.0,976.0,98.0,28.0,0.0,638.4,-33.633018,-70.609622,2020-03-01 16:03:49
0.0,7.9,37362.4,0.0,0.0,0.0,0.0,0.0,0.0,0.0,0.0,0.0,0.0,5336.5,0.0,972.0,972.0,98.0,28.0,0.0,638.3,-33.633018,-70.609622,2020-03-01 16:04:49
0.0,8.0,37362.4,0.0,0.0,0.0,0.0,0.0,0.0,0.0,0.0,0.0,0.0,5420.3,0.0,976.0,980.0,98.0,28.0,0.0,638.3,-33.633018,-70.609622,2020-03-01 16:05:49
0.0,7.9,37362.4,0.0,0.0,0.0,0.0,0.0,0.0,0.0,0.0,0.0,0.0,5504.2,0.0,972.0,976.0,98.0,28.0,0.0,638.3,-33.633018,-70.609622,2020-03-01 16:06:49
0.0,7.9,37362.4,0.0,0.0,0.0,0.0,0.0,0.0,0.0,0.0,0.0,0.0,5588.0,0.0,976.0,980.0,98.0,28.0,0.0,638.3,-33.633018,-70.609622,2020-03-01 16:07:49
0.0,8.0,37362.4,0.0,0.0,0.0,0.0,0.0,0.0,0.0,0.0,0.0,0.0,5672.1,0.0,972.0,972.0,98.0,28.0,0.0,638.3,-33.633018,-70.609622,2020-03-01 16:08:49
0.0,7.9,37362.4,0.0,0.0,0.0,0.0,0.0,0.0,0.0,0.0,0.0,0.0,5756.1,0.0,972.0,980.0,98.0,28.0,0.0,638.3,-33.633018,-70.609622,2020-03-01 16:09:49
0.0,7.9,37362.4,0.0,0.0,0.0,0.0,0.0,0.0,0.0,0.0,0.0,0.0,5839.8,0.0,972.0,972.0,98.0,28.0,0.0,638.3,-33.633018,-70.609622,2020-03-01 16:10:49
0.0,7.3,37362.4,0.0,0.0,0.0,0.0,0.0,0.0,0.0,0.0,0.0,0.0,5918.1,0.0,972.0,972.0,98.0,28.0,0.0,638.4,-33.633018,-70.609622,2020-03-01 16:11:49
0.0,7.4,37362.4,0.0,0.0,0.0,0.0,0.0,0.0,0.0,0.0,0.0,0.0,5996.1,0.0,972.0,976.0,98.0,28.0,0.0,638.4,-33.633018,-70.609622,2020-03-01 16:12:49
0.0,7.3,37362.4,0.0,0.0,0.0,0.0,0.0,0.0,0.0,0.0,0.0,0.0,6074.2,0.0,976.0,980.0,98.0,28.0,0.0,638.4,-33.633018,-70.609622,2020-03-01 16:13:49
0.0,7.9,37362.4,0.0,0.0,0.0,0.0,0.0,0.0,0.0,0.0,0.0,0.0,6157.3,0.0,976.0,976.0,98.0,28.0,0.0,638.4,-33.633018,-70.609622,2020-03-01 16:14:49
0.0,7.7,37362.4,0.0,0.0,0.0,0.0,0.0,0.0,0.0,0.0,0.0,0.0,6240.9,0.0,972.0,984.0,98.0,28.0,0.0,638.4,-33.633018,-70.609622,2020-03-01 16:15:49
0.0,7.9,37362.4,0.0,0.0,0.0,0.0,0.0,0.0,0.0,0.0,0.0,0.0,6324.6,0.0,972.0,984.0,98.0,28.0,0.0,638.4,-33.633018,-70.609622,2020-03-01 16:16:49
0.0,7.9,37362.4,0.0,0.0,0.0,0.0,0.0,0.0,0.0,0.0,0.0,0.0,6408.3,0.0,972.0,972.0,98.0,28.0,0.0,638.3,-33.633018,-70.609622,2020-03-01 16:17:49
0.0,7.9,37362.4,0.0,0.0,0.0,0.0,0.0,0.0,0.0,0.0,0.0,0.0,6491.8,0.0,976.0,972.0,98.0,28.0,0.0,638.4,-33.633018,-70.609622,2020-03-01 16:18:49
0.0,7.9,37362.4,0.0,0.0,0.0,0.0,0.0,0.0,0.0,0.0,0.0,0.0,6575.7,0.0,972.0,976.0,98.0,28.0,0.0,638.3,-33.633018,-70.609622,2020-03-01 16:19:49
0.0,7.9,37362.4,0.0,0.0,0.0,0.0,0.0,0.0,0.0,0.0,0.0,0.0,6659.2,0.0,972.0,972.0,98.0,28.0,0.0,638.4,-33.633018,-70.609622,2020-03-01 16:20:49
0.0,7.9,37362.4,0.0,0.0,0.0,0.0,0.0,0.0,0.0,0.0,0.0,0.0,6910.6,0.0,980.0,976.0,98.0,28.0,0.0,638.4,-33.633018,-70.609622,2020-03-01 16:23:49
44.0,52.2,37362.4,20.2,0.0,0.0,0.0,0.0,0.0,0.0,0.0,0.0,0.0,7015.7,0.0,840.0,840.0,98.0,28.0,7.0,637.4,-33.633018,-70.609622,2020-03-01 16:24:49
0.0,9.1,37362.6,74.9,-0.4,-35.0,0.0,0.0,0.0,0.0,-0.6,0.0,19.0,7285.6,-36.0,820.0,820.0,98.0,30.0,0.0,637.9,-33.633885,-70.610444,2020-03-01 16:25:49
0.0,15.0,37362.7,135.7,-1.8,-35.5,0.0,0.0,0.0,0.0,-0.7,-0.1,0.0,7473.8,-38.1,960.0,960.0,98.0,31.0,0.0,637.6,-33.633584,-70.610548,2020-03-01 16:26:49
0.0,0.0,37362.7,135.7,-1.8,-35.5,0.0,0.0,0.0,0.0,-0.7,-0.1,0.0,7542.9,-38.1,976.0,976.0,98.0,31.0,0.0,638.3,-33.633584,-70.610548,2020-03-01 16:27:49
0.0,0.0,37362.6,0.0,0.0,0.0,0.0,0.0,0.0,0.0,0.0,0.0,0.0,0.1,0.0,868.0,868.0,98.0,24.0,0.0,640.4,-33.63369,-70.610847,2020-03-02 04:04:54
0.0,0.0,37362.6,0.0,0.0,0.0,0.0,0.0,0.0,0.0,0.0,0.0,0.0,0.1,0.0,868.0,868.0,98.0,24.0,0.0,640.4,-33.63369,-70.610847,2020-03-02 04:05:54
0.0,0.0,37362.6,0.0,0.0,0.0,0.0,0.0,0.0,0.0,0.0,0.0,0.0,0.1,0.0,868.0,868.0,98.0,24.0,0.0,640.3,-33.63369,-70.610847,2020-03-02 04:06:54
0.0,0.0,37362.6,0.0,0.0,0.0,0.0,0.0,0.0,0.0,0.0,0.0,0.0,0.1,0.0,868.0,868.0,98.0,24.0,0.0,640.3,-33.63369,-70.610847,2020-03-02 04:07:54
0.0,0.0,37362.6,0.0,0.0,0.0,0.0,0.0,0.0,0.0,0.0,0.0,0.0,0.1,0.0,868.0,868.0,98.0,24.0,0.0,640.3,-33.63369,-70.610847,2020-03-02 04:08:54
0.0,0.0,37362.6,0.0,0.0,0.0,0.0,0.0,0.0,0.0,0.0,0.0,0.0,0.1,0.0,868.0,868.0,98.0,24.0,0.0,640.3,-33.63369,-70.610847,2020-03-02 04:09:54
0.0,0.0,37362.6,0.0,0.0,0.0,0.0,0.0,0.0,0.0,0.0,0.0,0.0,0.1,0.0,868.0,868.0,98.0,24.0,0.0,640.3,-33.63369,-70.610847,2020-03-02 04:13:54
0.0,0.0,37362.6,0.0,0.0,0.0,0.0,0.0,0.0,0.0,0.0,0.0,0.0,0.1,0.0,868.0,868.0,98.0,24.0,0.0,640.2,-33.63369,-70.610847,2020-03-02 04:14:54
0.0,0.0,37362.6,0.0,0.0,0.0,0.0,0.0,0.0,0.0,0.0,0.0,0.0,0.1,0.0,868.0,868.0,98.0,24.0,0.0,640.2,-33.63369,-70.610847,2020-03-02 04:15:54
0.0,0.0,37362.6,0.0,0.0,0.0,0.0,0.0,0.0,0.0,0.0,0.0,0.0,0.1,0.0,868.0,868.0,98.0,24.0,0.0,640.2,-33.63369,-70.610847,2020-03-02 04:16:54
0.0,0.0,37362.6,0.0,0.0,0.0,0.0,0.0,0.0,0.0,0.0,0.0,0.0,0.1,0.0,868.0,868.0,98.0,24.0,0.0,640.2,-33.63369,-70.610847,2020-03-02 04:17:54
0.0,0.0,37362.6,0.0,0.0,0.0,0.0,0.0,0.0,0.0,0.0,0.0,0.0,0.1,0.0,868.0,868.0,98.0,24.0,0.0,640.1,-33.63369,-70.610847,2020-03-02 04:18:54
0.0,0.0,37362.6,0.0,0.0,0.0,0.0,0.0,0.0,0.0,0.0,0.0,0.0,0.1,0.0,868.0,868.0,98.0,24.0,0.0,640.1,-33.63369,-70.610847,2020-03-02 04:19:54
0.0,0.0,37362.6,0.0,0.0,0.0,0.0,0.0,0.0,0.0,0.0,0.0,0.0,0.1,0.0,868.0,868.0,98.0,24.0,0.0,640.1,-33.63369,-70.610847,2020-03-02 04:20:54
0.0,0.0,37362.6,0.0,0.0,0.0,0.0,0.0,0.0,0.0,0.0,0.0,0.0,0.1,0.0,860.0,868.0,98.0,24.0,0.0,640.1,-33.63369,-70.610847,2020-03-02 04:21:54
0.0,0.0,37362.6,0.0,0.0,0.0,0.0,0.0,0.0,0.0,0.0,0.0,0.0,0.1,0.0,868.0,868.0,98.0,24.0,0.0,640.1,-33.63369,-70.610847,2020-03-02 04:22:54
0.0,0.0,37362.6,0.0,0.0,0.0,0.0,0.0,0.0,0.0,0.0,0.0,0.0,0.1,0.0,864.0,868.0,98.0,24.0,0.0,640.1,-33.63369,-70.610847,2020-03-02 04:23:54
0.0,0.0,37362.6,0.0,0.0,0.0,0.0,0.0,0.0,0.0,0.0,0.0,0.0,0.1,0.0,868.0,868.0,98.0,24.0,0.0,640.1,-33.63369,-70.610847,2020-03-02 04:24:54
0.0,0.0,37362.6,0.0,0.0,0.0,0.0,0.0,0.0,0.0,0.0,0.0,0.0,0.1,0.0,868.0,868.0,98.0,24.0,0.0,640.1,-33.63369,-70.610847,2020-03-02 04:25:54
0.0,0.0,37362.6,0.0,0.0,0.0,0.0,0.0,0.0,0.0,0.0,0.0,0.0,0.1,0.0,868.0,868.0,98.0,24.0,0.0,640.1,-33.63369,-70.610847,2020-03-02 04:26:54
0.0,0.0,37362.6,0.0,0.0,0.0,0.0,0.0,0.0,0.0,0.0,0.0,0.0,0.1,0.0,868.0,868.0,98.0,24.0,0.0,640.1,-33.63369,-70.610847,2020-03-02 04:27:54
0.0,0.0,37362.6,0.0,0.0,0.0,0.0,0.0,0.0,0.0,0.0,0.0,0.0,0.1,0.0,868.0,868.0,98.0,24.0,0.0,640.1,-33.63369,-70.610847,2020-03-02 04:28:54
0.0,0.0,37362.6,0.0,0.0,0.0,0.0,0.0,0.0,0.0,0.0,0.0,0.0,0.1,0.0,868.0,868.0,98.0,24.0,0.0,640.1,-33.63369,-70.610847,2020-03-02 04:29:54
0.0,0.0,37362.6,0.0,0.0,0.0,0.0,0.0,0.0,0.0,0.0,0.0,0.0,0.1,0.0,868.0,868.0,98.0,24.0,0.0,640.1,-33.63369,-70.610847,2020-03-02 04:30:54
0.0,0.0,37362.6,0.0,0.0,0.0,0.0,0.0,0.0,0.0,0.0,0.0,0.0,0.1,0.0,868.0,868.0,98.0,24.0,0.0,640.1,-33.63369,-70.610847,2020-03-02 04:31:54
0.0,0.0,37362.6,0.0,0.0,0.0,0.0,0.0,0.0,0.0,0.0,0.0,0.0,0.1,0.0,868.0,868.0,98.0,24.0,0.0,640.1,-33.63369,-70.610847,2020-03-02 04:32:54
0.0,0.0,37362.6,0.0,0.0,0.0,0.0,0.0,0.0,0.0,0.0,0.0,0.0,0.1,0.0,868.0,868.0,98.0,24.0,0.0,640.0,-33.63369,-70.610847,2020-03-02 04:33:54
0.0,0.0,37362.6,0.0,0.0,0.0,0.0,0.0,0.0,0.0,0.0,0.0,0.0,0.1,0.0,868.0,868.0,98.0,24.0,0.0,640.0,-33.63369,-70.610847,2020-03-02 04:35:54
0.0,0.0,37362.6,0.0,0.0,0.0,0.0,0.0,0.0,0.0,0.0,0.0,0.0,0.1,0.0,868.0,868.0,98.0,24.0,0.0,640.0,-33.63369,-70.610847,2020-03-02 04:35:54
0.0,0.0,37362.6,0.0,0.0,0.0,0.0,0.0,0.0,0.0,0.0,0.0,0.0,0.1,0.0,868.0,868.0,98.0,24.0,0.0,640.0,-33.63369,-70.610847,2020-03-02 04:36:54
0.0,0.0,37362.6,0.0,0.0,0.0,0.0,0.0,0.0,0.0,0.0,0.0,0.0,0.1,0.0,868.0,868.0,98.0,24.0,0.0,640.0,-33.63369,-70.610847,2020-03-02 04:37:54
0.0,0.0,37362.6,0.0,0.0,0.0,0.0,0.0,0.0,0.0,0.0,0.0,0.0,0.1,0.0,864.0,868.0,98.0,24.0,0.0,639.9,-33.63369,-70.610847,2020-03-02 04:38:54
0.0,0.0,37362.6,0.0,0.0,0.0,0.0,0.0,0.0,0.0,0.0,0.0,0.0,0.1,0.0,868.0,868.0,98.0,24.0,0.0,639.9,-33.63369,-70.610847,2020-03-02 04:39:54
0.0,0.0,37362.6,0.0,0.0,0.0,0.0,0.0,0.0,0.0,0.0,0.0,0.0,0.1,0.0,860.0,868.0,98.0,24.0,0.0,639.9,-33.63369,-70.610847,2020-03-02 04:40:54
0.0,0.0,37362.6,0.0,0.0,0.0,0.0,0.0,0.0,0.0,0.0,0.0,0.0,0.1,0.0,868.0,868.0,98.0,24.0,0.0,639.9,-33.63369,-70.610847,2020-03-02 04:41:54
0.0,0.0,37362.6,0.0,0.0,0.0,0.0,0.0,0.0,0.0,0.0,0.0,0.0,0.1,0.0,868.0,868.0,98.0,24.0,0.0,639.9,-33.63369,-70.610847,2020-03-02 04:42:54
0.0,0.0,37362.6,0.0,0.0,0.0,0.0,0.0,0.0,0.0,0.0,0.0,0.0,0.1,0.0,868.0,868.0,98.0,24.0,0.0,639.9,-33.63369,-70.610847,2020-03-02 04:43:54
0.0,0.0,37362.6,0.0,0.0,0.0,0.0,0.0,0.0,0.0,0.0,0.0,0.0,0.1,0.0,856.0,856.0,98.0,24.0,0.0,639.9,-33.63369,-70.610847,2020-03-02 04:44:54
0.0,0.0,37362.6,0.0,0.0,0.0,0.0,0.0,0.0,0.0,0.0,0.0,0.0,0.1,0.0,856.0,856.0,98.0,24.0,0.0,639.9,-33.63369,-70.610847,2020-03-02 04:45:54
0.0,0.0,37362.6,0.0,0.0,0.0,0.0,0.0,0.0,0.0,0.0,0.0,0.0,0.1,0.0,856.0,856.0,98.0,24.0,0.0,639.9,-33.63369,-70.610847,2020-03-02 04:46:54
0.0,0.0,37362.6,0.0,0.0,0.0,0.0,0.0,0.0,0.0,0.0,0.0,0.0,0.1,0.0,856.0,856.0,98.0,24.0,0.0,639.9,-33.63369,-70.610847,2020-03-02 04:47:54
0.0,0.0,37362.6,0.0,0.0,0.0,0.0,0.0,0.0,0.0,0.0,0.0,0.0,0.1,0.0,856.0,856.0,98.0,24.0,0.0,639.9,-33.63369,-70.610847,2020-03-02 04:48:54
0.0,0.0,37362.6,0.0,0.0,0.0,0.0,0.0,0.0,0.0,0.0,0.0,0.0,0.1,0.0,856.0,856.0,98.0,24.0,0.0,639.9,-33.63369,-70.610847,2020-03-02 04:49:54
0.0,0.0,37362.6,0.0,0.0,0.0,0.0,0.0,0.0,0.0,0.0,0.0,0.0,0.1,0.0,856.0,856.0,98.0,24.0,0.0,639.9,-33.63369,-70.610847,2020-03-02 04:50:54
0.0,0.0,37362.6,0.0,0.0,0.0,0.0,0.0,0.0,0.0,0.0,0.0,0.0,0.1,0.0,856.0,856.0,98.0,24.0,0.0,639.9,-33.63369,-70.610847,2020-03-02 04:51:54
0.0,0.0,37362.6,0.0,0.0,0.0,0.0,0.0,0.0,0.0,0.0,0.0,0.0,0.1,0.0,856.0,856.0,98.0,24.0,0.0,639.9,-33.63369,-70.610847,2020-03-02 04:52:54
0.0,0.0,37362.6,0.0,0.0,0.0,0.0,0.0,0.0,0.0,0.0,0.0,0.0,0.1,0.0,856.0,856.0,98.0,24.0,0.0,639.9,-33.63369,-70.610847,2020-03-02 04:53:54
0.0,0.0,37362.6,0.0,0.0,0.0,0.0,0.0,0.0,0.0,0.0,0.0,0.0,0.1,0.0,856.0,856.0,98.0,24.0,0.0,639.9,-33.63369,-70.610847,2020-03-02 04:54:54
0.0,0.0,37362.6,0.0,0.0,0.0,0.0,0.0,0.0,0.0,0.0,0.0,0.0,0.1,0.0,856.0,856.0,98.0,24.0,0.0,639.9,-33.63369,-70.610847,2020-03-02 04:55:54
0.0,0.0,37362.6,0.0,0.0,0.0,0.0,0.0,0.0,0.0,0.0,0.0,0.0,0.1,0.0,856.0,856.0,98.0,24.0,0.0,639.9,-33.63369,-70.610847,2020-03-02 04:56:54
0.0,0.0,37362.6,0.0,0.0,0.0,0.0,0.0,0.0,0.0,0.0,0.0,0.0,0.1,0.0,856.0,856.0,98.0,24.0,0.0,639.9,-33.63369,-70.610847,2020-03-02 04:57:54
0.0,0.0,37362.6,0.0,0.0,0.0,0.0,0.0,0.0,0.0,0.0,0.0,0.0,0.1,0.0,856.0,856.0,98.0,24.0,0.0,639.9,-33.63369,-70.610847,2020-03-02 04:58:54
0.0,0.0,37362.6,0.0,0.0,0.0,0.0,0.0,0.0,0.0,0.0,0.0,0.0,0.1,0.0,856.0,856.0,98.0,24.0,0.0,639.8,-33.63369,-70.610847,2020-03-02 04:59:54
0.0,0.0,37362.6,0.0,0.0,0.0,0.0,0.0,0.0,0.0,0.0,0.0,0.0,0.1,0.0,856.0,856.0,98.0,24.0,0.0,639.9,-33.63369,-70.610847,2020-03-02 05:00:54
0.0,0.0,37362.6,0.0,0.0,0.0,0.0,0.0,0.0,0.0,0.0,0.0,0.0,0.1,0.0,856.0,856.0,98.0,24.0,0.0,639.8,-33.63369,-70.610847,2020-03-02 05:01:54
0.0,0.0,37362.6,0.0,0.0,0.0,0.0,0.0,0.0,0.0,0.0,0.0,0.0,0.1,0.0,856.0,856.0,98.0,24.0,0.0,639.8,-33.63369,-70.610847,2020-03-02 05:02:54
0.0,0.0,37362.6,0.0,0.0,0.0,0.0,0.0,0.0,0.0,0.0,0.0,0.0,0.1,0.0,856.0,856.0,98.0,24.0,0.0,639.8,-33.63369,-70.610847,2020-03-02 05:03:54
0.0,0.0,37362.6,0.0,0.0,0.0,0.0,0.0,0.0,0.0,0.0,0.0,0.0,0.1,0.0,856.0,856.0,98.0,24.0,0.0,639.8,-33.63369,-70.610847,2020-03-02 05:04:54
0.0,0.0,37362.6,0.0,0.0,0.0,0.0,0.0,0.0,0.0,0.0,0.0,0.0,0.1,0.0,856.0,856.0,98.0,24.0,0.0,639.8,-33.63369,-70.610847,2020-03-02 05:05:54
0.0,0.0,37362.6,0.0,0.0,0.0,0.0,0.0,0.0,0.0,0.0,0.0,0.0,0.1,0.0,856.0,856.0,98.0,24.0,0.0,639.8,-33.63369,-70.610847,2020-03-02 05:06:54
0.0,0.0,37362.6,0.0,0.0,0.0,0.0,0.0,0.0,0.0,0.0,0.0,0.0,0.1,0.0,856.0,856.0,98.0,24.0,0.0,639.8,-33.63369,-70.610847,2020-03-02 05:07:54
0.0,0.0,37362.6,0.0,0.0,0.0,0.0,0.0,0.0,0.0,0.0,0.0,0.0,0.1,0.0,856.0,856.0,98.0,24.0,0.0,639.7,-33.63369,-70.610847,2020-03-02 05:08:54
0.0,0.0,37362.6,0.0,0.0,0.0,0.0,0.0,0.0,0.0,0.0,0.0,0.0,0.1,0.0,856.0,856.0,98.0,24.0,0.0,639.7,-33.63369,-70.610847,2020-03-02 05:09:54
0.0,0.0,37362.6,0.0,0.0,0.0,0.0,0.0,0.0,0.0,0.0,0.0,0.0,0.1,0.0,856.0,856.0,98.0,24.0,0.0,639.7,-33.63369,-70.610847,2020-03-02 05:10:54
0.0,0.0,37362.6,0.0,0.0,0.0,0.0,0.0,0.0,0.0,0.0,0.0,0.0,0.1,0.0,856.0,856.0,98.0,24.0,0.0,639.7,-33.63369,-70.610847,2020-03-02 05:11:54
0.0,0.0,37362.6,0.0,0.0,0.0,0.0,0.0,0.0,0.0,0.0,0.0,0.0,0.1,0.0,856.0,856.0,98.0,24.0,0.0,639.7,-33.63369,-70.610847,2020-03-02 05:12:54
0.0,0.0,37362.6,0.0,0.0,0.0,0.0,0.0,0.0,0.0,0.0,0.0,0.0,0.1,0.0,852.0,856.0,98.0,24.0,0.0,639.7,-33.63369,-70.610847,2020-03-02 05:13:54
0.0,0.0,37362.6,0.0,0.0,0.0,0.0,0.0,0.0,0.0,0.0,0.0,0.0,0.1,0.0,856.0,856.0,98.0,24.0,0.0,639.7,-33.63369,-70.610847,2020-03-02 05:14:54
0.0,0.0,37362.6,0.0,0.0,0.0,0.0,0.0,0.0,0.0,0.0,0.0,0.0,0.1,0.0,856.0,856.0,98.0,24.0,0.0,639.7,-33.63369,-70.610847,2020-03-02 05:15:54
0.0,0.0,37362.6,0.0,0.0,0.0,0.0,0.0,0.0,0.0,0.0,0.0,0.0,0.1,0.0,856.0,856.0,98.0,24.0,0.0,639.7,-33.63369,-70.610847,2020-03-02 05:16:54
0.0,0.0,37362.6,0.0,0.0,0.0,0.0,0.0,0.0,0.0,0.0,0.0,0.0,0.1,0.0,840.0,840.0,98.0,24.0,0.0,639.7,-33.63369,-70.610847,2020-03-02 05:17:54
0.0,0.0,37362.6,0.0,0.0,0.0,0.0,0.0,0.0,0.0,0.0,0.0,0.0,0.1,0.0,840.0,840.0,98.0,24.0,0.0,639.7,-33.63369,-70.610847,2020-03-02 05:18:54
0.0,0.0,37362.6,0.0,0.0,0.0,0.0,0.0,0.0,0.0,0.0,0.0,0.0,0.1,0.0,840.0,840.0,98.0,24.0,0.0,639.7,-33.63369,-70.610847,2020-03-02 05:19:54
0.0,0.0,37362.6,0.0,0.0,0.0,0.0,0.0,0.0,0.0,0.0,0.0,0.0,0.1,0.0,832.0,840.0,98.0,24.0,0.0,639.7,-33.63369,-70.610847,2020-03-02 05:20:54
0.0,0.0,37362.6,0.0,0.0,0.0,0.0,0.0,0.0,0.0,0.0,0.0,0.0,0.1,0.0,840.0,840.0,98.0,24.0,0.0,639.7,-33.63369,-70.610847,2020-03-02 05:21:54
0.0,0.0,37362.6,0.0,0.0,0.0,0.0,0.0,0.0,0.0,0.0,0.0,0.0,0.1,0.0,832.0,836.0,98.0,24.0,0.0,639.7,-33.63369,-70.610847,2020-03-02 05:22:54
0.0,0.0,37362.6,0.0,0.0,0.0,0.0,0.0,0.0,0.0,0.0,0.0,0.0,0.1,0.0,840.0,832.0,98.0,24.0,0.0,639.7,-33.63369,-70.610847,2020-03-02 05:23:54
0.0,0.0,37362.6,0.0,0.0,0.0,0.0,0.0,0.0,0.0,0.0,0.0,0.0,0.1,0.0,832.0,840.0,98.0,24.0,0.0,639.7,-33.63369,-70.610847,2020-03-02 05:24:54
0.0,0.0,37362.6,0.0,0.0,0.0,0.0,0.0,0.0,0.0,0.0,0.0,0.0,0.1,0.0,828.0,828.0,98.0,24.0,0.0,639.7,-33.63369,-70.610847,2020-03-02 05:25:54
0.0,0.0,37362.6,0.0,0.0,0.0,0.0,0.0,0.0,0.0,0.0,0.0,0.0,0.1,0.0,828.0,828.0,98.0,24.0,0.0,639.7,-33.63369,-70.610847,2020-03-02 05:26:54
0.0,0.0,37362.6,0.0,0.0,0.0,0.0,0.0,0.0,0.0,0.0,0.0,0.0,0.1,0.0,828.0,828.0,98.0,24.0,0.0,639.7,-33.63369,-70.610847,2020-03-02 05:27:54
0.0,0.0,37362.6,0.0,0.0,0.0,0.0,0.0,0.0,0.0,0.0,0.0,0.0,0.1,0.0,828.0,828.0,98.0,24.0,0.0,639.7,-33.63369,-70.610847,2020-03-02 05:28:54
0.0,0.0,37362.6,0.0,0.0,0.0,0.0,0.0,0.0,0.0,0.0,0.0,0.0,0.1,0.0,828.0,828.0,98.0,24.0,0.0,639.7,-33.63369,-70.610847,2020-03-02 05:29:54
0.0,0.0,37362.6,0.0,0.0,0.0,0.0,0.0,0.0,0.0,0.0,0.0,0.0,0.1,0.0,828.0,828.0,98.0,24.0,0.0,639.7,-33.63369,-70.610847,2020-03-02 05:30:54
0.0,0.0,37362.6,0.0,0.0,0.0,0.0,0.0,0.0,0.0,0.0,0.0,0.0,0.1,0.0,828.0,828.0,98.0,24.0,0.0,639.7,-33.63369,-70.610847,2020-03-02 05:31:54
0.0,0.0,37362.6,0.0,0.0,0.0,0.0,0.0,0.0,0.0,0.0,0.0,0.0,0.1,0.0,828.0,828.0,98.0,24.0,0.0,639.7,-33.63369,-70.610847,2020-03-02 05:32:54
0.0,0.0,37362.6,0.0,0.0,0.0,0.0,0.0,0.0,0.0,0.0,0.0,0.0,0.1,0.0,828.0,828.0,98.0,24.0,0.0,639.7,-33.63369,-70.610847,2020-03-02 05:33:54
0.0,0.0,37362.6,0.0,0.0,0.0,0.0,0.0,0.0,0.0,0.0,0.0,0.0,0.1,0.0,828.0,828.0,98.0,24.0,0.0,639.7,-33.63369,-70.610847,2020-03-02 05:34:54
0.0,0.0,37362.6,0.0,0.0,0.0,0.0,0.0,0.0,0.0,0.0,0.0,0.0,0.1,0.0,828.0,828.0,98.0,24.0,0.0,639.7,-33.63369,-70.610847,2020-03-02 05:35:54
0.0,0.0,37362.6,0.0,0.0,0.0,0.0,0.0,0.0,0.0,0.0,0.0,0.0,0.1,0.0,828.0,828.0,98.0,24.0,0.0,639.7,-33.63369,-70.610847,2020-03-02 05:36:54
0.0,0.0,37362.6,0.0,0.0,0.0,0.0,0.0,0.0,0.0,0.0,0.0,0.0,0.1,0.0,828.0,828.0,98.0,24.0,0.0,639.7,-33.63369,-70.610847,2020-03-02 05:37:54
0.0,0.0,37362.6,0.0,0.0,0.0,0.0,0.0,0.0,0.0,0.0,0.0,0.0,0.1,0.0,812.0,816.0,98.0,24.0,0.0,639.7,-33.63369,-70.610847,2020-03-02 05:38:54
0.0,0.0,37362.6,0.0,0.0,0.0,0.0,0.0,0.0,0.0,0.0,0.0,0.0,0.1,0.0,816.0,816.0,98.0,24.0,0.0,639.7,-33.63369,-70.610847,2020-03-02 05:39:54
0.0,0.0,37362.6,0.0,0.0,0.0,0.0,0.0,0.0,0.0,0.0,0.0,0.0,0.1,0.0,808.0,816.0,98.0,24.0,0.0,639.7,-33.63369,-70.610847,2020-03-02 05:40:53
0.0,0.0,37362.6,0.0,0.0,0.0,0.0,0.0,0.0,0.0,0.0,0.0,0.0,0.1,0.0,816.0,816.0,98.0,24.0,0.0,639.7,-33.63369,-70.610847,2020-03-02 05:41:53
0.0,0.0,37362.6,0.0,0.0,0.0,0.0,0.0,0.0,0.0,0.0,0.0,0.0,0.1,0.0,816.0,816.0,98.0,24.0,0.0,639.7,-33.63369,-70.610847,2020-03-02 05:42:53
0.0,0.0,37362.6,0.0,0.0,0.0,0.0,0.0,0.0,0.0,0.0,0.0,0.0,0.1,0.0,816.0,816.0,98.0,23.0,0.0,639.7,-33.63369,-70.610847,2020-03-02 05:43:53
0.0,0.0,37362.6,0.0,0.0,0.0,0.0,0.0,0.0,0.0,0.0,0.0,0.0,0.1,0.0,816.0,816.0,98.0,23.0,0.0,639.6,-33.63369,-70.610847,2020-03-02 05:44:53
0.0,0.0,37362.6,0.0,0.0,0.0,0.0,0.0,0.0,0.0,0.0,0.0,0.0,0.1,0.0,804.0,804.0,98.0,24.0,0.0,639.6,-33.63369,-70.610847,2020-03-02 05:45:53
0.0,0.0,37362.6,0.0,0.0,0.0,0.0,0.0,0.0,0.0,0.0,0.0,0.0,0.1,0.0,804.0,804.0,98.0,24.0,0.0,639.6,-33.63369,-70.610847,2020-03-02 05:46:53
0.0,0.0,37362.6,0.0,0.0,0.0,0.0,0.0,0.0,0.0,0.0,0.0,0.0,0.1,0.0,804.0,804.0,98.0,23.0,0.0,639.6,-33.63369,-70.610847,2020-03-02 05:47:53
0.0,0.0,37362.6,0.0,0.0,0.0,0.0,0.0,0.0,0.0,0.0,0.0,0.0,0.1,0.0,804.0,804.0,98.0,23.0,0.0,639.6,-33.63369,-70.610847,2020-03-02 05:48:53
0.0,0.0,37362.6,0.0,0.0,0.0,0.0,0.0,0.0,0.0,0.0,0.0,0.0,0.1,0.0,804.0,804.0,98.0,23.0,0.0,639.6,-33.63369,-70.610847,2020-03-02 05:49:53
0.0,0.0,37362.6,0.0,0.0,0.0,0.0,0.0,0.0,0.0,0.0,0.0,0.0,0.1,0.0,804.0,804.0,98.0,23.0,0.0,639.6,-33.63369,-70.610847,2020-03-02 05:50:53
0.0,0.0,37362.6,0.0,0.0,0.0,0.0,0.0,0.0,0.0,0.0,0.0,0.0,0.1,0.0,788.0,788.0,98.0,23.0,0.0,639.6,-33.63369,-70.610847,2020-03-02 05:51:53
0.0,0.0,37362.6,0.0,0.0,0.0,0.0,0.0,0.0,0.0,0.0,0.0,0.0,0.1,0.0,788.0,796.0,98.0,23.0,0.0,639.6,-33.63369,-70.610847,2020-03-02 05:52:53
0.0,0.0,37362.6,0.0,0.0,0.0,0.0,0.0,0.0,0.0,0.0,0.0,0.0,0.1,0.0,788.0,800.0,98.0,23.0,0.0,639.6,-33.63369,-70.610847,2020-03-02 05:53:53
0.0,0.0,37362.6,0.0,0.0,0.0,0.0,0.0,0.0,0.0,0.0,0.0,0.0,0.1,0.0,800.0,796.0,98.0,23.0,0.0,639.6,-33.63369,-70.610847,2020-03-02 05:54:53
0.0,0.0,37362.6,0.0,0.0,0.0,0.0,0.0,0.0,0.0,0.0,0.0,0.0,0.1,0.0,796.0,800.0,98.0,23.0,0.0,639.6,-33.63369,-70.610847,2020-03-02 05:55:53
0.0,0.0,37362.6,0.0,0.0,0.0,0.0,0.0,0.0,0.0,0.0,0.0,0.0,0.1,0.0,788.0,788.0,98.0,23.0,0.0,639.6,-33.63369,-70.610847,2020-03-02 05:56:53
0.0,0.0,37362.6,0.0,0.0,0.0,0.0,0.0,0.0,0.0,0.0,0.0,0.0,0.1,0.0,788.0,796.0,98.0,23.0,0.0,639.6,-33.63369,-70.610847,2020-03-02 05:57:53
0.0,0.0,37362.6,0.0,0.0,0.0,0.0,0.0,0.0,0.0,0.0,0.0,0.0,0.1,0.0,792.0,788.0,98.0,23.0,0.0,639.6,-33.63369,-70.610847,2020-03-02 05:58:53
0.0,0.0,37362.6,0.0,0.0,0.0,0.0,0.0,0.0,0.0,0.0,0.0,0.0,0.1,0.0,788.0,788.0,98.0,23.0,0.0,639.6,-33.63369,-70.610847,2020-03-02 05:59:53
0.0,0.0,37362.6,0.0,0.0,0.0,0.0,0.0,0.0,0.0,0.0,0.0,0.0,0.1,0.0,788.0,788.0,98.0,23.0,0.0,639.6,-33.63369,-70.610847,2020-03-02 06:00:53
0.0,10.3,37362.6,18.4,0.0,0.0,0.0,0.0,0.0,0.0,0.0,0.0,0.0,58.0,0.0,828.0,820.0,98.0,23.0,6.0,639.0,-33.63369,-70.610847,2020-03-02 06:01:53
78.0,198.6,37362.8,121.6,0.0,-92.5,-0.7,0.0,0.0,0.0,-0.5,0.0,0.0,482.4,-93.7,960.0,960.0,98.0,25.0,22.0,633.8,-33.632742,-70.611108,2020-03-02 06:02:53
100.0,63.9,37363.6,121.6,0.0,-92.5,-0.7,0.0,0.0,0.0,-0.5,0.0,0.0,1672.4,-93.7,960.0,960.0,97.0,29.0,52.0,634.0,-33.631522,-70.603188,2020-03-02 06:03:53
100.0,140.5,37364.5,121.6,0.0,-92.5,-0.7,0.0,0.0,0.0,-0.5,0.0,0.0,2576.8,-93.7,956.0,960.0,97.0,29.0,51.0,631.8,-33.625737,-70.59773,2020-03-02 06:04:53
100.0,216.2,37364.9,139.8,-0.1,-165.8,-260.6,0.0,0.0,0.0,-7.5,-8.2,0.0,3299.6,-442.2,892.0,892.0,97.0,33.0,42.0,630.6,-33.622997,-70.597898,2020-03-02 06:05:53
0.0,-117.3,37365.7,139.8,-0.5,-369.4,-283.5,0.0,0.0,0.0,-17.3,-13.9,21.0,4209.1,-684.9,868.0,868.0,97.0,36.0,42.0,638.9,-33.616523,-70.59959,2020-03-02 06:06:53
0.0,1.3,37366.1,139.8,-4.6,-586.2,-487.4,0.0,0.0,0.0,-29.2,-23.9,0.0,4999.8,-1131.5,804.0,804.0,96.0,39.0,0.0,636.7,-33.614854,-70.59634,2020-03-02 06:07:53
0.0,8.7,37366.4,163.3,-6.6,-729.8,-635.7,0.0,0.0,0.0,-33.2,-27.4,15.0,5835.3,-1433.1,868.0,868.0,96.0,43.0,0.0,636.5,-33.616202,-70.593523,2020-03-02 06:08:53
0.0,1.8,37366.7,189.4,-6.6,-801.7,-820.3,0.0,0.0,0.0,-38.1,-33.4,16.0,6574.1,-1703.5,980.0,988.0,96.0,47.0,0.0,636.9,-33.616495,-70.590992,2020-03-02 06:09:53
100.0,220.9,37367.1,225.1,-11.9,-887.6,-993.0,0.0,0.0,0.0,-48.5,-36.5,0.0,7596.9,-1980.9,880.0,880.0,96.0,49.0,34.0,630.9,-33.615739,-70.587724,2020-03-02 06:10:53
76.0,177.6,37367.5,247.0,-17.8,-1047.4,-1073.2,0.0,0.0,0.0,-66.5,-42.1,0.0,8466.4,-2250.3,816.0,816.0,96.0,50.0,25.0,632.5,-33.614777,-70.582707,2020-03-02 06:11:53
0.0,2.8,37367.9,271.6,-20.4,-1204.8,-1081.8,0.0,0.0,0.0,-82.0,-43.5,0.0,9115.4,-2435.9,804.0,804.0,96.0,50.0,13.0,636.5,-33.614256,-70.578794,2020-03-02 06:12:53
0.0,8.3,37368.3,271.6,-25.0,-1371.5,-1151.2,0.0,0.0,0.0,-95.4,-44.7,18.0,9889.7,-2692.1,948.0,948.0,96.0,52.0,0.0,636.7,-33.613832,-70.575325,2020-03-02 06:13:53
0.0,-151.8,37368.5,352.7,-25.1,-1407.8,-1234.5,0.0,0.0,0.0,-95.8,-45.2,30.0,10497.9,-2812.6,960.0,960.0,96.0,52.0,17.0,640.0,-33.612703,-70.574276,2020-03-02 06:14:53
0.0,1.9,37368.6,373.5,-25.5,-1442.9,-1354.0,0.0,0.0,0.0,-96.4,-45.6,0.0,10769.3,-2968.6,868.0,868.0,96.0,52.0,0.0,637.4,-33.611466,-70.57455,2020-03-02 06:15:53
28.0,74.9,37369.0,399.8,-31.6,-1551.8,-1435.8,0.0,0.0,0.0,-114.9,-59.9,0.0,11355.7,-3198.9,816.0,816.0,95.0,51.0,18.0,635.8,-33.608167,-70.575324,2020-03-02 06:16:53
0.0,0.0,37369.5,399.8,-42.6,-1639.2,-1458.1,0.0,0.0,0.0,-131.9,-62.4,0.0,12147.2,-3339.2,868.0,868.0,95.0,51.0,50.0,635.7,-33.604825,-70.576739,2020-03-02 06:17:53
100.0,143.3,37370.0,437.8,-42.9,-1849.7,-1729.5,0.0,0.0,0.0,-132.7,-62.4,0.0,12727.7,-3822.1,936.0,936.0,95.0,54.0,12.0,634.7,-33.600779,-70.5775,2020-03-02 06:18:53
84.0,20.5,37370.8,437.8,-42.9,-1849.7,-1729.5,0.0,0.0,0.0,-134.2,-63.0,0.0,13435.6,-3824.3,932.0,932.0,95.0,55.0,54.0,636.5,-33.593722,-70.578929,2020-03-02 06:19:53
0.0,1.9,37371.4,437.8,-65.5,-1988.6,-1808.4,0.0,0.0,0.0,-159.3,-69.5,0.0,13594.9,-4096.4,856.0,856.0,95.0,52.0,0.0,638.2,-33.588757,-70.579843,2020-03-02 06:20:53
78.0,233.2,37371.7,478.2,-69.7,-2193.6,-1865.3,0.0,0.0,0.0,-170.7,-69.5,0.0,14174.5,-4373.8,804.0,804.0,95.0,54.0,24.0,632.9,-33.58632,-70.580328,2020-03-02 06:21:53
0.0,-5.0,37372.2,496.3,-69.8,-2339.6,-2040.7,0.0,0.0,0.0,-180.4,-70.0,18.0,14838.7,-4705.5,776.0,780.0,95.0,57.0,4.0,638.5,-33.582069,-70.581151,2020-03-02 06:22:53
100.0,104.5,37372.4,518.5,-69.8,-2340.0,-2040.7,0.0,0.0,0.0,-180.4,-70.0,0.0,15390.2,-4705.9,1000.0,1000.0,94.0,56.0,52.0,633.3,-33.581133,-70.581321,2020-03-02 06:23:53
53.0,17.7,37372.8,539.2,-85.5,-2592.1,-2072.5,0.0,0.0,0.0,-189.5,-70.8,0.0,15533.0,-5015.3,868.0,876.0,95.0,56.0,0.0,637.9,-33.577011,-70.58211,2020-03-02 06:24:53
67.0,20.9,37373.1,580.3,-85.5,-2597.4,-2072.5,0.0,0.0,0.0,-189.5,-70.8,0.0,16097.8,-5020.7,852.0,856.0,94.0,55.0,54.0,635.7,-33.575302,-70.582486,2020-03-02 06:25:53
69.0,42.7,37373.5,605.2,-103.3,-2707.5,-2205.4,0.0,0.0,0.0,-204.8,-70.8,0.0,16267.6,-5297.1,816.0,816.0,94.0,55.0,28.0,637.2,-33.571772,-70.583192,2020-03-02 06:26:53
100.0,252.0,37373.9,635.5,-103.3,-2880.1,-2305.2,0.0,0.0,0.0,-204.9,-70.8,0.0,16820.2,-5569.6,840.0,836.0,94.0,57.0,24.0,631.9,-33.568371,-70.583863,2020-03-02 06:27:53
0.0,-248.5,37374.7,635.5,-103.6,-2951.9,-2436.0,0.0,0.0,0.0,-204.9,-70.8,29.0,17328.4,-5772.6,972.0,980.0,94.0,57.0,25.0,644.5,-33.561434,-70.585104,2020-03-02 06:28:53
36.0,187.5,37374.9,674.3,-103.7,-3056.3,-2537.9,0.0,0.0,0.0,-204.9,-70.8,0.0,17635.4,-5978.9,868.0,872.0,94.0,58.0,20.0,633.8,-33.560146,-70.585352,2020-03-02 06:29:53
0.0,-6.2,37375.4,695.2,-107.8,-3314.4,-2537.9,0.0,0.0,0.0,-218.1,-77.4,15.0,18353.0,-6261.0,840.0,840.0,94.0,60.0,45.0,637.1,-33.556139,-70.586073,2020-03-02 06:30:53
45.0,20.0,37375.6,695.4,-113.8,-3446.2,-2613.4,0.0,0.0,0.0,-231.2,-80.3,0.0,18445.9,-6490.5,908.0,912.0,94.0,59.0,3.0,638.1,-33.553864,-70.586405,2020-03-02 06:31:53
0.0,-271.9,37376.3,720.8,-116.9,-3691.7,-2706.4,0.0,0.0,0.0,-256.6,-82.1,24.0,19371.6,-6859.3,956.0,956.0,94.0,59.0,31.0,643.9,-33.54804,-70.587456,2020-03-02 06:32:53
0.0,-170.1,37376.8,743.5,-118.8,-3985.1,-2901.0,0.0,0.0,0.0,-261.6,-83.5,19.0,19978.0,-7355.7,868.0,868.0,94.0,62.0,18.0,643.3,-33.543952,-70.589028,2020-03-02 06:33:53
100.0,18.2,37377.6,787.1,-122.3,-4249.4,-2910.5,0.0,0.0,0.0,-285.3,-91.3,0.0,20976.8,-7664.5,816.0,824.0,94.0,63.0,54.0,636.0,-33.538133,-70.59168,2020-03-02 06:35:53
31.0,95.4,37378.0,809.3,-122.5,-4436.7,-3197.0,0.0,0.0,0.0,-290.3,-91.9,0.0,21444.1,-8145.0,984.0,984.0,94.0,64.0,21.0,636.2,-33.534287,-70.593387,2020-03-02 06:36:53
31.0,95.4,37378.0,809.3,-122.5,-4436.7,-3197.0,0.0,0.0,0.0,-290.3,-91.9,0.0,21444.1,-8145.0,984.0,984.0,94.0,64.0,21.0,636.2,-33.534287,-70.593387,2020-03-02 06:36:53
100.0,219.0,37378.6,828.1,-125.2,-4643.3,-3365.7,0.0,0.0,0.0,-292.9,-91.9,0.0,22219.2,-8526.0,960.0,968.0,94.0,67.0,37.0,632.3,-33.530337,-70.595086,2020-03-02 06:37:53
0.0,2.0,37378.9,849.2,-125.3,-4753.6,-3746.4,0.0,0.0,0.0,-293.6,-91.9,24.0,22933.3,-9017.9,880.0,880.0,94.0,71.0,0.0,637.9,-33.527216,-70.596433,2020-03-02 06:38:53
0.0,-260.4,37379.4,867.1,-155.3,-4846.5,-3880.5,0.0,0.0,0.0,-337.0,-92.6,37.0,23723.6,-9323.4,804.0,808.0,94.0,72.0,26.0,643.3,-33.523659,-70.597934,2020-03-02 06:39:53
31.0,197.6,37379.8,887.7,-164.4,-4979.7,-4055.0,0.0,0.0,0.0,-371.1,-93.2,0.0,24590.3,-9675.7,992.0,1000.0,93.0,73.0,39.0,632.0,-33.520343,-70.59958,2020-03-02 06:40:53
0.0,2.0,37380.1,903.0,-164.5,-5147.2,-4195.6,0.0,0.0,0.0,-371.6,-93.2,17.0,24917.4,-9984.5,868.0,868.0,93.0,73.0,0.0,638.0,-33.518417,-70.601009,2020-03-02 06:41:53
61.0,194.6,37380.2,923.6,-164.5,-5147.2,-4195.6,0.0,0.0,0.0,-371.6,-93.2,0.0,25291.1,-9984.5,876.0,876.0,93.0,69.0,46.0,632.1,-33.517658,-70.6015,2020-03-02 06:42:53
0.0,1.7,37381.0,923.6,-169.8,-5247.4,-4347.4,0.0,0.0,0.0,-383.6,-94.5,0.0,25518.8,-10255.1,820.0,824.0,93.0,67.0,0.0,639.2,-33.512424,-70.607105,2020-03-02 06:43:53
0.0,7.4,37381.5,943.5,-175.5,-5336.3,-4508.9,0.0,0.0,0.0,-398.2,-96.1,0.0,26088.4,-10527.3,776.0,776.0,93.0,69.0,0.0,638.4,-33.509249,-70.610973,2020-03-02 06:44:53
22.0,134.5,37381.6,981.9,-175.5,-5348.1,-4532.4,0.0,0.0,0.0,-398.2,-96.1,0.0,26522.6,-10562.6,1000.0,1000.0,93.0,69.0,40.0,633.6,-33.508834,-70.611507,2020-03-02 06:45:53
6.0,-6.7,37382.5,981.9,-181.7,-5416.0,-4532.4,0.0,0.0,0.0,-438.7,-102.2,0.0,26937.5,-10683.5,964.0,968.0,93.0,68.0,49.0,638.1,-33.502794,-70.615116,2020-03-02 06:46:53
23.0,66.0,37383.0,999.5,-189.9,-5498.7,-4689.7,0.0,0.0,0.0,-452.6,-104.9,0.0,27327.1,-10948.3,908.0,916.0,93.0,67.0,40.0,635.7,-33.498497,-70.615823,2020-03-02 06:47:53
0.0,1.9,37383.2,999.5,-190.1,-5637.7,-4836.9,0.0,0.0,0.0,-452.7,-104.9,14.0,27552.8,-11234.8,888.0,896.0,93.0,69.0,0.0,638.4,-33.496588,-70.61629,2020-03-02 06:48:53
0.0,-101.7,37383.6,1014.0,-190.2,-5643.7,-4836.9,0.0,0.0,0.0,-460.8,-105.7,21.0,28064.3,-11250.0,884.0,896.0,93.0,68.0,50.0,638.6,-33.492958,-70.617109,2020-03-02 06:49:53
0.0,-7.4,37384.2,1032.0,-190.2,-5737.2,-5001.8,0.0,0.0,0.0,-465.2,-107.2,0.0,28600.5,-11514.4,816.0,824.0,93.0,69.0,53.0,637.5,-33.488069,-70.618184,2020-03-02 06:50:53
0.0,5.5,37384.4,1032.0,-195.0,-5820.6,-5106.8,0.0,0.0,0.0,-482.6,-107.2,0.0,28657.2,-11725.7,1000.0,1000.0,93.0,68.0,0.0,638.3,-33.486424,-70.618738,2020-03-02 06:51:53
32.0,93.5,37384.7,1073.3,-195.0,-5882.1,-5121.9,0.0,0.0,0.0,-482.9,-107.6,0.0,29228.5,-11802.9,948.0,956.0,92.0,69.0,48.0,634.7,-33.484713,-70.620075,2020-03-02 06:52:53
0.0,1.9,37385.4,1073.3,-195.5,-5993.4,-5234.5,0.0,0.0,0.0,-528.0,-115.6,18.0,29608.0,-12083.9,896.0,908.0,92.0,68.0,0.0,638.5,-33.478462,-70.622009,2020-03-02 06:53:53
71.0,41.1,37386.1,1096.8,-195.6,-5993.6,-5234.5,0.0,0.0,0.0,-535.4,-116.9,0.0,30347.6,-12092.9,868.0,876.0,92.0,69.0,53.0,635.9,-33.473482,-70.623229,2020-03-02 06:54:53
0.0,1.9,37386.8,1096.8,-202.8,-6101.4,-5385.1,0.0,0.0,0.0,-563.5,-123.6,0.0,30743.9,-12393.8,812.0,816.0,92.0,67.0,0.0,638.4,-33.468074,-70.626164,2020-03-02 06:55:53
69.0,34.0,37387.3,1119.0,-203.5,-6107.1,-5385.1,0.0,0.0,0.0,-571.5,-125.5,0.0,31583.7,-12410.1,804.0,804.0,92.0,69.0,50.0,635.7,-33.463571,-70.627477,2020-03-02 06:56:53
0.0,-188.0,37388.2,1119.0,-206.5,-6176.8,-5385.1,0.0,0.0,0.0,-585.5,-126.7,23.0,32335.0,-12500.3,792.0,792.0,92.0,68.0,42.0,640.3,-33.45663,-70.629488,2020-03-02 06:57:53
0.0,5.2,37388.5,1145.4,-206.5,-6407.8,-5505.2,0.0,0.0,0.0,-585.5,-126.7,16.0,32904.1,-12851.5,1000.0,1000.0,92.0,71.0,0.0,637.3,-33.453399,-70.630437,2020-03-02 06:58:53
0.0,1.9,37388.7,1168.5,-206.5,-6437.9,-5645.8,0.0,0.0,0.0,-585.5,-126.7,19.0,33325.2,-13022.1,956.0,960.0,92.0,73.0,0.0,637.6,-33.452193,-70.630789,2020-03-02 06:59:53
0.0,2.1,37389.2,1194.2,-218.4,-6461.8,-5790.7,0.0,0.0,0.0,-594.7,-127.6,0.0,34189.7,-13212.9,924.0,936.0,92.0,73.0,0.0,637.4,-33.447591,-70.632181,2020-03-02 07:00:53
59.0,133.9,37389.3,1216.6,-218.4,-6461.8,-5790.7,0.0,0.0,0.0,-594.7,-127.6,0.0,34456.4,-13212.9,912.0,920.0,92.0,71.0,35.0,633.1,-33.447403,-70.632267,2020-03-02 07:01:53
35.0,62.3,37389.7,1240.9,-241.3,-6583.2,-5938.9,0.0,0.0,0.0,-601.7,-133.0,0.0,35202.4,-13518.0,840.0,840.0,91.0,73.0,10.0,636.0,-33.443666,-70.633306,2020-03-02 07:02:53
0.0,1.9,37389.9,1245.3,-247.0,-6671.9,-5952.7,0.0,0.0,0.0,-602.1,-133.0,17.0,35515.7,-13626.6,824.0,820.0,91.0,73.0,0.0,637.7,-33.442299,-70.633685,2020-03-02 07:03:53
0.0,2.0,37390.3,1272.0,-255.3,-6783.1,-5952.7,0.0,0.0,0.0,-627.8,-137.7,0.0,36264.2,-13776.7,784.0,788.0,91.0,72.0,27.0,636.7,-33.438898,-70.634721,2020-03-02 07:04:53
0.0,2.4,37390.4,1297.1,-258.1,-6820.9,-5952.7,0.0,0.0,0.0,-628.1,-137.7,0.0,36388.5,-13817.7,996.0,1000.0,91.0,70.0,7.0,637.6,-33.437933,-70.634948,2020-03-02 07:05:53
0.0,-5.5,37390.7,1329.0,-259.9,-6825.8,-5952.7,0.0,0.0,0.0,-637.7,-138.0,0.0,36838.1,-13835.1,948.0,948.0,91.0,69.0,41.0,636.9,-33.43617,-70.636582,2020-03-02 07:06:53
0.0,1.9,37390.9,1346.4,-264.8,-6990.4,-5991.7,0.0,0.0,0.0,-643.9,-138.0,0.0,36961.3,-14050.4,880.0,888.0,91.0,70.0,0.0,638.1,-33.435652,-70.638725,2020-03-02 07:07:53
0.0,3.1,37390.9,1364.8,-264.8,-6990.4,-5991.7,0.0,0.0,0.0,-643.9,-138.0,0.0,37013.9,-14050.4,840.0,840.0,91.0,67.0,13.0,638.0,-33.435652,-70.638725,2020-03-02 07:08:53
0.0,0.0,37391.0,1364.8,-267.2,-7000.0,-5991.7,0.0,0.0,0.0,-645.7,-138.0,0.0,37038.4,-14064.7,812.0,816.0,91.0,66.0,0.0,638.4,-33.436058,-70.639102,2020-03-02 07:09:53
0.0,7.9,37391.0,1375.5,-267.2,-7000.0,-5991.7,0.0,0.0,0.0,-645.7,-138.0,21.0,37084.1,-14064.7,868.0,868.0,91.0,64.0,0.0,638.3,-33.436058,-70.639102,2020-03-02 07:10:53
0.0,1.8,37391.0,1375.5,-267.2,-7000.0,-5991.7,0.0,0.0,0.0,-645.7,-138.0,0.0,37126.0,-14064.7,972.0,972.0,91.0,63.0,0.0,638.6,-33.436058,-70.639102,2020-03-02 07:11:53
0.0,16.7,37391.0,1375.5,-267.2,-7000.0,-5991.7,0.0,0.0,0.0,-645.7,-138.0,0.0,37170.3,-14064.7,968.0,964.0,91.0,62.0,0.0,638.2,-33.436058,-70.639102,2020-03-02 07:12:53
0.0,9.2,37391.0,1384.0,-267.2,-7000.0,-5991.7,0.0,0.0,0.0,-645.7,-138.0,0.0,37296.0,-14064.7,908.0,908.0,91.0,61.0,0.0,638.3,-33.436058,-70.639102,2020-03-02 07:13:53
0.0,8.9,37391.0,1384.0,-267.2,-7000.0,-5991.7,0.0,0.0,0.0,-645.7,-138.0,0.0,37390.4,-14064.7,904.0,900.0,91.0,60.0,0.0,638.3,-33.436058,-70.639102,2020-03-02 07:14:53
0.0,8.9,37391.0,1384.0,-267.2,-7000.0,-5991.7,0.0,0.0,0.0,-645.7,-138.0,0.0,37484.1,-14064.7,892.0,896.0,91.0,60.0,0.0,638.4,-33.436058,-70.639102,2020-03-02 07:15:53
0.0,8.9,37391.0,1384.0,-267.2,-7000.0,-5991.7,0.0,0.0,0.0,-645.7,-138.0,0.0,37577.9,-14064.7,896.0,896.0,91.0,59.0,0.0,638.3,-33.436058,-70.639102,2020-03-02 07:16:53
0.0,8.9,37391.0,1384.0,-267.2,-7000.0,-5991.7,0.0,0.0,0.0,-645.7,-138.0,0.0,37671.6,-14064.7,884.0,896.0,91.0,59.0,0.0,638.3,-33.436058,-70.639102,2020-03-02 07:17:53
0.0,8.9,37391.0,1384.0,-267.2,-7000.0,-5991.7,0.0,0.0,0.0,-645.7,-138.0,0.0,37765.4,-14064.7,880.0,880.0,91.0,58.0,0.0,638.4,-33.436058,-70.639102,2020-03-02 07:18:53
0.0,8.9,37391.0,1384.0,-267.2,-7000.0,-5991.7,0.0,0.0,0.0,-645.7,-138.0,0.0,37859.1,-14064.7,868.0,868.0,91.0,58.0,0.0,638.4,-33.436058,-70.639102,2020-03-02 07:19:53
0.0,8.9,37391.0,1384.0,-267.2,-7000.0,-5991.7,0.0,0.0,0.0,-645.7,-138.0,0.0,37952.9,-14064.7,868.0,868.0,91.0,58.0,0.0,638.4,-33.436058,-70.639102,2020-03-02 07:20:53
0.0,8.9,37391.0,1384.0,-267.2,-7000.0,-5991.7,0.0,0.0,0.0,-645.7,-138.0,0.0,38046.6,-14064.7,868.0,876.0,91.0,57.0,0.0,638.4,-33.436058,-70.639102,2020-03-02 07:21:53
0.0,8.9,37391.0,1384.0,-267.2,-7000.0,-5991.7,0.0,0.0,0.0,-645.7,-138.0,0.0,38140.4,-14064.7,868.0,868.0,91.0,57.0,0.0,638.4,-33.436058,-70.639102,2020-03-02 07:22:53
0.0,0.0,37391.0,1384.0,-267.2,-7000.0,-5991.7,0.0,0.0,0.0,-645.7,-138.0,0.0,38208.3,-14064.7,1000.0,1000.0,90.0,57.0,0.0,638.7,-33.436058,-70.639102,2020-03-02 07:23:53
0.0,0.0,37391.0,1384.0,-267.2,-7000.0,-5991.7,0.0,0.0,0.0,-645.7,-138.0,0.0,38208.3,-14064.7,988.0,988.0,90.0,57.0,0.0,638.9,-33.436058,-70.639102,2020-03-02 07:24:53
0.0,1.0,37391.0,1384.0,-267.2,-7000.0,-5991.7,0.0,0.0,0.0,-645.7,-138.0,0.0,38213.4,-14064.7,988.0,988.0,90.0,56.0,0.0,639.0,-33.436058,-70.639102,2020-03-02 07:25:53
0.0,1.0,37391.0,1384.0,-267.2,-7000.0,-5991.7,0.0,0.0,0.0,-645.7,-138.0,0.0,38222.8,-14064.7,988.0,988.0,90.0,56.0,0.0,639.0,-33.436058,-70.639102,2020-03-02 07:26:53
0.0,2.0,37391.1,1405.2,-267.2,-7003.8,-5991.7,0.0,0.0,0.0,-645.7,-138.0,16.0,38261.3,-14068.5,868.0,868.0,90.0,56.0,0.0,639.0,-33.43635,-70.63918,2020-03-02 07:27:53
0.0,1.0,37391.1,1405.2,-267.2,-7003.8,-5991.7,0.0,0.0,0.0,-645.7,-138.0,0.0,38271.3,-14068.5,868.0,868.0,90.0,56.0,0.0,639.0,-33.43635,-70.63918,2020-03-02 07:28:53
0.0,1.0,37391.1,1405.2,-267.2,-7003.8,-5991.7,0.0,0.0,0.0,-645.7,-138.0,0.0,38280.6,-14068.5,864.0,860.0,90.0,56.0,0.0,639.1,-33.43635,-70.63918,2020-03-02 07:29:53
0.0,1.0,37391.1,1405.2,-267.2,-7003.8,-5991.7,0.0,0.0,0.0,-645.7,-138.0,0.0,38290.0,-14068.5,864.0,864.0,90.0,55.0,0.0,639.2,-33.43635,-70.63918,2020-03-02 07:30:53
0.0,1.0,37391.1,1405.2,-267.2,-7003.8,-5991.7,0.0,0.0,0.0,-645.7,-138.0,0.0,38299.4,-14068.5,864.0,868.0,90.0,55.0,0.0,639.2,-33.43635,-70.63918,2020-03-02 07:31:53
0.0,1.0,37391.1,1405.2,-267.2,-7003.8,-5991.7,0.0,0.0,0.0,-645.7,-138.0,0.0,38308.7,-14068.5,860.0,868.0,90.0,55.0,0.0,639.2,-33.43635,-70.63918,2020-03-02 07:32:53
0.0,1.0,37391.1,1405.2,-267.2,-7003.8,-5991.7,0.0,0.0,0.0,-645.7,-138.0,0.0,38318.1,-14068.5,856.0,864.0,90.0,55.0,0.0,639.2,-33.43635,-70.63918,2020-03-02 07:33:53
0.0,1.0,37391.1,1405.2,-267.2,-7003.8,-5991.7,0.0,0.0,0.0,-645.7,-138.0,0.0,38327.5,-14068.5,856.0,864.0,90.0,55.0,0.0,639.2,-33.43635,-70.63918,2020-03-02 07:34:53
78.0,174.8,37391.2,1433.9,-268.3,-7018.4,-5993.0,0.0,0.0,0.0,-647.3,-139.0,0.0,38742.9,-14088.1,864.0,860.0,90.0,56.0,40.0,633.1,-33.436873,-70.638791,2020-03-02 07:35:53
3.0,2.0,37391.4,1433.9,-269.9,-7192.9,-5993.0,0.0,0.0,0.0,-655.1,-140.8,0.0,39050.7,-14274.9,976.0,984.0,90.0,59.0,0.0,638.5,-33.437341,-70.636737,2020-03-02 07:36:53
0.0,2.0,37391.5,1456.3,-269.9,-7238.1,-6005.9,0.0,0.0,0.0,-655.1,-140.8,0.0,39189.6,-14333.0,936.0,936.0,90.0,59.0,0.0,638.6,-33.437787,-70.6365,2020-03-02 07:37:53
86.0,206.4,37391.8,1477.6,-276.1,-7397.1,-6015.2,0.0,0.0,0.0,-670.7,-144.3,0.0,39742.7,-14526.6,872.0,880.0,90.0,62.0,22.0,633.6,-33.440224,-70.635435,2020-03-02 07:38:53
70.0,167.2,37392.1,1504.0,-277.4,-7535.7,-6015.2,0.0,0.0,0.0,-676.2,-144.4,0.0,40302.7,-14672.1,840.0,852.0,90.0,64.0,39.0,633.2,-33.441965,-70.633963,2020-03-02 07:39:53
42.0,117.4,37392.3,1526.1,-277.6,-7582.8,-6135.2,0.0,0.0,0.0,-676.7,-144.4,0.0,40486.9,-14839.9,800.0,800.0,90.0,65.0,26.0,635.0,-33.44305,-70.633579,2020-03-02 07:40:53
42.0,84.0,37392.9,1526.1,-289.9,-7747.5,-6200.0,0.0,0.0,0.0,-710.5,-150.1,0.0,41289.0,-15121.2,988.0,992.0,90.0,65.0,40.0,635.3,-33.448299,-70.632014,2020-03-02 07:41:53
0.0,-4.2,37393.5,1547.2,-300.4,-7969.8,-6273.2,0.0,0.0,0.0,-740.5,-150.5,0.0,41908.8,-15457.7,948.0,952.0,90.0,67.0,37.0,637.8,-33.453246,-70.63056,2020-03-02 07:42:53
0.0,2.7,37393.7,1564.9,-304.1,-8080.8,-6309.7,0.0,0.0,0.0,-760.9,-150.9,16.0,42081.8,-15630.6,868.0,872.0,90.0,67.0,17.0,637.8,-33.455248,-70.62997,2020-03-02 07:43:53
0.0,-119.4,37394.2,1584.6,-304.5,-8278.4,-6422.2,0.0,0.0,0.0,-766.1,-151.3,20.0,42726.9,-15946.7,804.0,804.0,90.0,69.0,24.0,640.5,-33.459202,-70.628778,2020-03-02 07:44:53
0.0,1.4,37394.8,1596.6,-304.9,-8580.7,-6497.2,0.0,0.0,0.0,-776.6,-152.7,14.0,43220.8,-16336.4,804.0,816.0,90.0,70.0,3.0,639.4,-33.464393,-70.627301,2020-03-02 07:45:53
0.0,8.3,37395.1,1614.2,-320.6,-8682.1,-6586.6,0.0,0.0,0.0,-778.0,-153.0,0.0,43717.6,-16544.6,880.0,880.0,90.0,72.0,0.0,638.0,-33.466725,-70.626642,2020-03-02 07:46:53
85.0,54.0,37395.7,1636.0,-320.6,-8684.9,-6586.6,0.0,0.0,0.0,-779.1,-153.0,0.0,44464.6,-16548.6,988.0,996.0,90.0,71.0,53.0,635.0,-33.470528,-70.624166,2020-03-02 07:47:53
24.0,78.5,37396.1,1655.8,-326.6,-8921.5,-6586.6,0.0,0.0,0.0,-811.1,-154.4,0.0,44770.0,-16824.6,948.0,960.0,90.0,69.0,23.0,635.8,-33.474402,-70.623197,2020-03-02 07:48:53
0.0,1.9,37396.6,1655.8,-326.8,-9144.8,-6606.1,0.0,0.0,0.0,-818.0,-159.9,0.0,45335.4,-17080.2,892.0,896.0,89.0,70.0,0.0,637.9,-33.478677,-70.622095,2020-03-02 07:49:53
66.0,90.7,37396.8,1674.1,-326.8,-9144.8,-6606.1,0.0,0.0,0.0,-818.0,-159.9,0.0,45904.5,-17080.2,828.0,840.0,89.0,70.0,52.0,633.8,-33.480254,-70.621657,2020-03-02 07:50:53
70.0,168.1,37397.0,1691.1,-335.5,-9302.0,-6658.1,0.0,0.0,0.0,-826.6,-160.6,0.0,46122.1,-17311.7,816.0,820.0,89.0,70.0,31.0,633.1,-33.481858,-70.621215,2020-03-02 07:51:53
60.0,81.3,37397.6,1715.9,-335.7,-9425.1,-6802.1,0.0,0.0,0.0,-837.3,-161.3,0.0,46964.5,-17590.6,776.0,780.0,89.0,72.0,30.0,634.7,-33.486146,-70.619038,2020-03-02 07:52:53
42.0,107.6,37400.5,1842.5,-356.8,-9900.4,-7196.5,0.0,0.0,0.0,-879.8,-164.2,0.0,50956.2,-18530.6,856.0,856.0,88.0,72.0,37.0,633.4,-33.509574,-70.612279,2020-03-02 07:58:53
50.0,48.6,37400.9,1875.0,-356.9,-10143.0,-7274.1,0.0,0.0,0.0,-881.2,-164.2,0.0,51572.4,-18852.3,972.0,972.0,88.0,74.0,5.0,636.2,-33.512708,-70.609354,2020-03-02 07:59:53
56.0,114.5,37401.5,1892.9,-359.4,-10197.7,-7321.6,0.0,0.0,0.0,-886.2,-165.7,0.0,52583.2,-18966.3,960.0,956.0,88.0,74.0,49.0,632.6,-33.5165,-70.605912,2020-03-02 08:00:53
10.0,3.7,37402.0,1892.9,-359.7,-10309.1,-7434.8,0.0,0.0,0.0,-886.4,-165.7,0.0,52943.1,-19191.4,936.0,936.0,88.0,73.0,0.0,637.1,-33.519695,-70.602681,2020-03-02 08:01:53
58.0,109.2,37402.3,1935.6,-359.7,-10313.5,-7437.2,0.0,0.0,0.0,-886.4,-165.7,0.0,53615.6,-19198.2,928.0,936.0,88.0,72.0,51.0,632.6,-33.521381,-70.600598,2020-03-02 08:02:53
0.0,2.6,37402.5,1962.1,-359.9,-10409.3,-7564.3,0.0,0.0,0.0,-886.4,-165.7,0.0,53822.2,-19421.4,872.0,872.0,88.0,72.0,24.0,636.5,-33.522456,-70.599143,2020-03-02 08:03:53
39.0,106.3,37402.9,1984.4,-360.5,-10520.4,-7636.7,0.0,0.0,0.0,-888.1,-166.2,0.0,54641.7,-19607.5,856.0,856.0,87.0,72.0,37.0,633.2,-33.5257,-70.597082,2020-03-02 08:04:53
35.0,71.6,37403.1,2005.2,-360.6,-10622.1,-7636.7,0.0,0.0,0.0,-888.6,-166.2,0.0,54915.1,-19709.9,828.0,828.0,87.0,73.0,35.0,634.5,-33.526812,-70.596592,2020-03-02 08:05:53
0.0,1.8,37403.2,2005.2,-360.6,-10684.1,-7636.7,0.0,0.0,0.0,-894.3,-166.2,22.0,54979.6,-19777.6,804.0,804.0,87.0,71.0,0.0,637.6,-33.528313,-70.595976,2020-03-02 08:06:53
73.0,71.1,37403.8,2025.6,-360.6,-10684.1,-7636.7,0.0,0.0,0.0,-894.7,-167.0,0.0,55935.5,-19778.8,812.0,808.0,87.0,71.0,53.0,633.7,-33.532821,-70.594079,2020-03-02 08:07:53
0.0,8.0,37404.2,2070.3,-360.7,-10929.5,-7691.1,0.0,0.0,0.0,-895.1,-167.0,0.0,56335.8,-20079.2,840.0,852.0,87.0,72.0,0.0,636.8,-33.536067,-70.592585,2020-03-02 08:08:53
23.0,50.4,37404.7,2093.2,-363.0,-10951.1,-7691.1,0.0,0.0,0.0,-904.5,-168.3,0.0,57103.0,-20113.8,988.0,988.0,87.0,73.0,41.0,634.7,-33.539623,-70.590953,2020-03-02 08:09:53
63.0,122.9,37405.3,2093.2,-370.2,-11113.2,-7692.5,0.0,0.0,0.0,-911.9,-176.7,0.0,58074.6,-20300.9,948.0,948.0,86.0,72.0,52.0,631.8,-33.544513,-70.588784,2020-03-02 08:10:53
71.0,88.4,37405.8,2112.8,-376.2,-11271.4,-7734.9,0.0,0.0,0.0,-912.4,-176.7,0.0,58813.0,-20510.1,880.0,876.0,86.0,73.0,52.0,632.7,-33.548228,-70.587451,2020-03-02 08:11:53
0.0,-4.8,37406.2,2140.5,-382.1,-11438.0,-7804.0,0.0,0.0,0.0,-921.6,-176.7,0.0,59443.2,-20764.1,856.0,856.0,86.0,75.0,37.0,636.1,-33.552218,-70.586797,2020-03-02 08:12:53
61.0,146.8,37406.3,2170.1,-382.3,-11545.7,-7804.5,0.0,0.0,0.0,-921.7,-176.7,0.0,59518.7,-20872.7,804.0,808.0,86.0,73.0,15.0,634.0,-33.552893,-70.586661,2020-03-02 08:13:53
49.0,134.4,37406.9,2170.1,-386.1,-11706.3,-7804.5,0.0,0.0,0.0,-930.0,-178.9,0.0,60607.8,-21047.7,972.0,972.0,86.0,73.0,48.0,632.0,-33.55784,-70.585817,2020-03-02 08:14:53
38.0,33.6,37407.2,2208.0,-386.1,-11863.2,-7863.6,0.0,0.0,0.0,-932.2,-179.9,0.0,61023.5,-21266.9,856.0,868.0,86.0,74.0,27.0,635.1,-33.560471,-70.585353,2020-03-02 08:15:53
98.0,206.8,37407.9,2208.0,-394.8,-11889.7,-7985.0,0.0,0.0,0.0,-953.1,-187.5,0.0,62061.9,-21452.1,840.0,840.0,86.0,75.0,45.0,630.3,-33.565988,-70.584355,2020-03-02 08:16:53
96.0,211.9,37408.2,2229.1,-395.2,-12040.0,-7985.0,0.0,0.0,0.0,-964.9,-187.5,0.0,62440.6,-21614.6,820.0,828.0,86.0,74.0,33.0,631.2,-33.56873,-70.583856,2020-03-02 08:17:53
0.0,7.9,37408.5,2249.3,-395.2,-12233.2,-8121.5,0.0,0.0,0.0,-965.0,-187.5,21.0,63097.4,-21944.5,824.0,828.0,86.0,78.0,0.0,636.7,-33.571328,-70.583352,2020-03-02 08:18:53
0.0,86.5,37408.9,2271.8,-395.3,-12233.6,-8121.5,0.0,0.0,0.0,-967.3,-193.5,0.0,63858.7,-21953.3,988.0,996.0,85.0,76.0,52.0,633.2,-33.574292,-70.582744,2020-03-02 08:19:53
0.0,2.4,37409.1,2312.5,-395.3,-12504.1,-8148.8,0.0,0.0,0.0,-967.8,-194.2,15.0,64086.7,-22252.4,856.0,868.0,85.0,75.0,0.0,637.0,-33.576247,-70.582368,2020-03-02 08:20:53
23.0,31.9,37409.3,2331.2,-395.3,-12504.1,-8148.8,0.0,0.0,0.0,-968.1,-194.6,0.0,64535.5,-22253.0,856.0,856.0,85.0,74.0,44.0,634.9,-33.577499,-70.582038,2020-03-02 08:21:53
16.0,6.2,37409.7,2331.2,-399.5,-12611.3,-8199.5,0.0,0.0,0.0,-985.5,-196.0,0.0,64853.2,-22434.0,828.0,828.0,85.0,73.0,0.0,637.2,-33.58116,-70.581316,2020-03-02 08:22:53
60.0,129.8,37409.7,2352.6,-399.5,-12611.3,-8199.5,0.0,0.0,0.0,-985.5,-196.0,0.0,65063.8,-22434.0,816.0,816.0,85.0,70.0,31.0,633.8,-33.581423,-70.581248,2020-03-02 08:23:53
42.0,3.9,37410.3,2352.6,-420.8,-12792.2,-8199.5,0.0,0.0,0.0,-1002.1,-199.4,0.0,65806.9,-22656.4,776.0,776.0,85.0,71.0,20.0,636.7,-33.586473,-70.580373,2020-03-02 08:24:53
67.0,94.2,37410.8,2352.6,-425.5,-12853.0,-8199.5,0.0,0.0,0.0,-1014.3,-201.3,0.0,66723.0,-22735.9,1000.0,1000.0,85.0,71.0,52.0,632.1,-33.59066,-70.579516,2020-03-02 08:25:53
0.0,1.8,37411.1,2374.8,-425.8,-13083.8,-8304.5,0.0,0.0,0.0,-1025.0,-201.7,17.0,67077.1,-23083.3,944.0,952.0,85.0,72.0,0.0,637.0,-33.593423,-70.579245,2020-03-02 08:26:53
45.0,164.0,37414.5,2653.7,-467.3,-14280.3,-9096.9,0.0,0.0,0.0,-1161.9,-231.6,0.0,72870.3,-25284.4,960.0,964.0,84.0,75.0,37.0,633.3,-33.614966,-70.583887,2020-03-02 08:39:53
0.0,1.7,37414.8,2670.1,-471.4,-14407.2,-9293.1,0.0,0.0,0.0,-1171.4,-232.1,0.0,73281.4,-25621.7,908.0,908.0,84.0,76.0,0.0,637.8,-33.615727,-70.587804,2020-03-02 08:40:53
0.0,1.7,37415.1,2689.4,-482.2,-14569.2,-9315.2,0.0,0.0,0.0,-1190.0,-232.4,15.0,73683.4,-25837.2,860.0,868.0,84.0,77.0,0.0,637.8,-33.616396,-70.590408,2020-03-02 08:41:53
0.0,-6.5,37415.6,2707.4,-484.6,-14637.5,-9540.7,0.0,0.0,0.0,-1202.5,-236.4,0.0,74739.3,-26149.9,840.0,840.0,83.0,77.0,52.0,635.1,-33.615675,-70.594569,2020-03-02 08:42:53
0.0,-201.4,37415.8,2725.6,-488.3,-14812.5,-9658.1,-11.1,0.0,0.0,-1209.6,-237.0,31.0,75024.7,-26464.9,776.0,788.0,83.0,77.0,22.0,641.6,-33.614915,-70.596933,2020-03-02 08:43:53
100.0,214.7,37416.4,2746.1,-492.3,-14934.5,-9874.4,-11.1,0.0,0.0,-1220.1,-237.3,0.0,75942.3,-26818.0,972.0,988.0,83.0,77.0,35.0,631.6,-33.615501,-70.601629,2020-03-02 08:44:53
30.0,158.5,37416.5,2783.0,-492.3,-14953.7,-9991.1,-11.1,0.0,0.0,-1221.2,-238.6,0.0,76425.1,-26956.3,940.0,948.0,83.0,77.0,41.0,632.2,-33.615993,-70.600265,2020-03-02 08:45:53
0.0,-186.8,37417.4,2783.0,-494.0,-15040.4,-10109.3,-11.1,0.0,0.0,-1243.3,-239.0,28.0,76854.1,-27185.2,916.0,920.0,83.0,74.0,33.0,639.5,-33.622984,-70.598649,2020-03-02 08:46:53
0.0,-5.2,37418.2,2783.0,-494.1,-15058.9,-10159.1,-11.1,0.0,0.0,-1268.6,-249.9,20.0,77562.6,-27289.9,904.0,908.0,83.0,73.0,51.0,636.6,-33.629316,-70.600471,2020-03-02 08:47:53
98.0,6.9,37419.0,2783.0,-497.9,-15152.3,-10245.4,-11.1,0.0,0.0,-1276.3,-260.8,0.0,77970.6,-27492.2,884.0,896.0,83.0,72.0,54.0,636.9,-33.631823,-70.608441,2020-03-02 08:48:53
0.0,-1.2,37419.5,2800.9,-500.8,-15307.1,-10441.6,-11.1,0.0,0.0,-1310.3,-261.5,15.0,78243.8,-27880.7,804.0,808.0,83.0,71.0,5.0,637.8,-33.630813,-70.61165,2020-03-02 08:49:53
0.0,12.9,37420.0,2819.7,-501.6,-15490.0,-10572.5,-11.1,0.0,0.0,-1356.3,-261.5,0.0,79182.9,-28241.3,804.0,804.0,82.0,73.0,25.0,636.1,-33.634361,-70.6109,2020-03-02 08:50:53
0.0,9.0,37420.2,2863.3,-503.3,-15556.9,-10576.7,-11.1,0.0,0.0,-1358.2,-262.1,17.0,79354.7,-28316.5,960.0,960.0,82.0,72.0,1.0,637.1,-33.633139,-70.610558,2020-03-02 08:51:53
0.0,0.0,37420.2,2879.9,-503.3,-15556.9,-10576.7,-11.1,0.0,0.0,-1358.2,-262.1,0.0,79397.3,-28316.5,948.0,948.0,82.0,69.0,0.0,637.8,-33.633053,-70.610638,2020-03-02 08:59:02
0.0,0.0,37420.2,2879.9,-503.3,-15556.9,-10576.7,-11.1,0.0,0.0,-1358.2,-262.1,0.0,79402.1,-28316.5,900.0,908.0,82.0,60.0,0.0,638.8,-33.633053,-70.610638,2020-03-02 09:00:02
0.0,0.0,37420.2,2879.9,-503.3,-15556.9,-10576.7,-11.1,0.0,0.0,-1358.2,-262.1,0.0,79402.1,-28316.5,900.0,908.0,82.0,59.0,0.0,638.8,-33.633053,-70.610638,2020-03-02 09:01:02
42.0,47.6,37420.2,2899.9,-503.3,-15556.9,-10576.7,-11.1,0.0,0.0,-1358.2,-262.1,0.0,79435.0,-28316.5,728.0,732.0,82.0,58.0,6.0,637.7,-33.633053,-70.610638,2020-03-02 09:02:02
90.0,142.7,37420.3,3020.0,-503.3,-15569.2,-10576.7,-11.1,0.0,0.0,-1358.2,-262.1,0.0,79642.9,-28328.8,960.0,972.0,82.0,59.0,10.0,635.2,-33.633816,-70.610578,2020-03-02 09:03:02
15.0,2.4,37420.4,3086.4,-504.9,-15617.2,-10646.6,-11.1,0.0,0.0,-1358.2,-262.1,0.0,79942.4,-28448.4,880.0,880.0,82.0,63.0,11.0,638.4,-33.633057,-70.611077,2020-03-02 09:04:02
66.0,69.3,37421.1,3092.1,-505.2,-15626.2,-10646.6,-11.1,0.0,0.0,-1358.5,-262.9,0.0,80926.1,-28458.7,880.0,880.0,82.0,65.0,52.0,634.1,-33.631887,-70.60478,2020-03-02 09:05:02
59.0,45.5,37422.0,3092.1,-505.2,-15626.2,-10646.6,-11.1,0.0,0.0,-1359.9,-263.3,0.0,81601.1,-28460.6,880.0,880.0,82.0,65.0,51.0,634.9,-33.627387,-70.598185,2020-03-02 09:06:02
66.0,155.4,37422.5,3110.1,-505.5,-15737.2,-10844.6,-11.1,0.0,0.0,-1364.1,-265.7,0.0,82403.5,-28776.6,816.0,824.0,82.0,67.0,36.0,631.9,-33.622976,-70.597941,2020-03-02 09:07:02
10.0,12.7,37423.2,3110.1,-508.0,-15844.9,-10869.5,-11.1,0.0,0.0,-1376.9,-266.8,0.0,83158.7,-28925.6,816.0,816.0,82.0,69.0,49.0,635.2,-33.617351,-70.599251,2020-03-02 09:08:02
0.0,8.7,37423.6,3121.0,-516.7,-16016.9,-10915.9,-11.1,0.0,0.0,-1395.5,-271.8,15.0,83561.8,-29176.2,892.0,892.0,82.0,70.0,19.0,636.0,-33.615068,-70.597922,2020-03-02 09:09:02
48.0,128.5,37423.7,3143.4,-517.3,-16027.0,-10915.9,-11.1,0.0,0.0,-1397.9,-271.8,0.0,83742.3,-29189.3,960.0,964.0,82.0,69.0,21.0,633.8,-33.614941,-70.597088,2020-03-02 09:10:02
93.0,211.4,37423.9,3175.6,-517.3,-16110.0,-10966.1,-11.1,0.0,0.0,-1401.8,-272.9,0.0,84218.6,-29327.7,880.0,884.0,81.0,71.0,24.0,631.6,-33.615207,-70.595441,2020-03-02 09:11:02
88.0,196.9,37424.2,3202.5,-517.3,-16262.3,-11116.6,-11.1,0.0,0.0,-1406.1,-276.4,0.0,85186.0,-29638.3,828.0,828.0,81.0,74.0,36.0,630.7,-33.616542,-70.591911,2020-03-02 09:12:02
71.0,4.9,37424.4,3202.8,-517.5,-16293.9,-11201.4,-11.1,0.0,0.0,-1419.5,-276.4,0.0,85273.4,-29768.1,800.0,804.0,81.0,74.0,0.0,637.1,-33.616515,-70.590789,2020-03-02 09:13:02
0.0,-64.5,37424.8,3249.6,-518.9,-16382.1,-11350.1,-11.1,0.0,0.0,-1421.4,-276.9,24.0,86185.2,-30008.9,880.0,892.0,81.0,76.0,13.0,637.3,-33.615597,-70.586998,2020-03-02 09:14:02
94.0,204.4,37425.1,3272.0,-518.9,-16434.3,-11453.1,-11.1,0.0,0.0,-1425.5,-277.7,0.0,86883.9,-30169.0,988.0,988.0,81.0,77.0,24.0,631.6,-33.614989,-70.583791,2020-03-02 09:15:02
22.0,23.2,37425.5,3296.3,-527.4,-16497.2,-11549.0,-11.1,0.0,0.0,-1429.2,-279.8,0.0,87776.6,-30342.2,908.0,924.0,81.0,81.0,38.0,634.0,-33.6144,-70.580039,2020-03-02 09:16:02
0.0,1.4,37425.9,3296.3,-532.2,-16713.0,-11589.7,-11.1,0.0,0.0,-1437.0,-283.6,0.0,88341.0,-30615.1,828.0,840.0,80.0,80.0,0.0,636.0,-33.613909,-70.575623,2020-03-02 09:17:02
8.0,5.2,37425.9,3352.1,-532.2,-16713.0,-11589.7,-11.1,0.0,0.0,-1437.0,-283.6,0.0,88434.9,-30615.1,828.0,836.0,80.0,76.0,0.0,636.6,-33.61385,-70.575277,2020-03-02 09:18:02
0.0,1.7,37426.0,3377.2,-532.2,-16750.3,-11598.9,-11.1,0.0,0.0,-1437.0,-283.6,17.0,88620.9,-30661.7,808.0,816.0,80.0,74.0,0.0,636.9,-33.613765,-70.574748,2020-03-02 09:19:02
58.0,65.1,37426.1,3421.6,-532.2,-16751.0,-11598.9,-11.1,0.0,0.0,-1437.2,-284.4,0.0,88909.8,-30663.3,824.0,828.0,80.0,70.0,29.0,634.6,-33.613487,-70.574246,2020-03-02 09:20:02
0.0,8.1,37426.2,3421.6,-532.2,-16779.7,-11722.7,-11.1,0.0,0.0,-1437.2,-284.4,0.0,89157.3,-30815.8,1000.0,1000.0,80.0,71.0,0.0,636.9,-33.612562,-70.574317,2020-03-02 09:21:02
25.0,2.2,37426.3,3455.1,-532.4,-16818.0,-11823.0,-22.1,0.0,0.0,-1437.2,-284.4,0.0,89496.4,-30965.6,908.0,908.0,80.0,71.0,9.0,637.1,-33.611435,-70.574584,2020-03-02 09:22:02
46.0,3.6,37426.5,3487.9,-543.0,-16856.1,-11837.4,-22.1,0.0,0.0,-1440.2,-284.4,0.0,89699.0,-31031.6,840.0,856.0,80.0,70.0,0.0,637.2,-33.610162,-70.574934,2020-03-02 09:23:02
0.0,0.0,37426.6,3530.8,-543.0,-16889.2,-11837.4,-22.1,0.0,0.0,-1440.2,-284.4,0.0,89985.2,-31064.7,828.0,832.0,80.0,69.0,30.0,636.1,-33.609166,-70.575133,2020-03-02 09:24:02
26.0,69.6,37426.9,3563.5,-548.3,-17057.4,-11855.0,-22.1,0.0,0.0,-1455.1,-285.4,0.0,90325.4,-31271.8,776.0,788.0,80.0,69.0,16.0,635.5,-33.60598,-70.575748,2020-03-02 09:25:02
0.0,1.7,37427.3,3564.5,-550.3,-17308.5,-12008.1,-22.1,0.0,0.0,-1458.3,-287.6,15.0,91068.8,-31683.4,972.0,972.0,80.0,73.0,0.0,637.2,-33.60329,-70.577012,2020-03-02 09:26:02
0.0,2.2,37427.6,3595.6,-550.5,-17370.4,-12094.0,-22.1,0.0,0.0,-1467.2,-288.8,0.0,91477.7,-31841.4,920.0,928.0,80.0,73.0,2.0,637.1,-33.601157,-70.57744,2020-03-02 09:27:02
0.0,1.7,37427.9,3631.6,-550.8,-17502.9,-12218.7,-22.1,0.0,0.0,-1470.6,-290.0,15.0,92020.5,-32103.6,840.0,856.0,80.0,76.0,0.0,637.3,-33.598227,-70.57801,2020-03-02 09:28:02
74.0,170.6,37428.0,3652.5,-550.8,-17502.9,-12218.7,-22.1,0.0,0.0,-1470.6,-290.0,0.0,92195.5,-32103.6,856.0,868.0,80.0,73.0,30.0,632.5,-33.598065,-70.578041,2020-03-02 09:29:02
13.0,14.5,37428.8,3652.5,-550.8,-17502.9,-12218.7,-22.1,0.0,0.0,-1494.1,-294.4,0.0,92684.1,-32131.3,856.0,856.0,80.0,72.0,52.0,636.1,-33.591161,-70.579434,2020-03-02 09:30:02
0.0,2.9,37429.1,3674.9,-550.9,-17522.8,-12429.6,-22.1,0.0,0.0,-1502.9,-294.9,0.0,92853.1,-32371.4,812.0,816.0,80.0,71.0,26.0,637.0,-33.588392,-70.579945,2020-03-02 09:31:02
0.0,7.9,37429.4,3674.9,-551.1,-17534.6,-12596.8,-22.1,0.0,0.0,-1504.4,-294.9,0.0,93125.8,-32552.0,944.0,948.0,80.0,72.0,0.0,637.4,-33.586139,-70.580364,2020-03-02 09:32:02
0.0,-215.5,37429.8,3695.5,-551.7,-17562.5,-12596.8,-22.1,0.0,0.0,-1532.1,-295.3,21.0,93660.5,-32608.7,960.0,960.0,80.0,72.0,43.0,640.9,-33.582535,-70.5811,2020-03-02 09:33:02
0.0,-266.3,37430.1,3715.5,-551.8,-17765.8,-12794.8,-22.1,0.0,0.0,-1535.9,-295.3,27.0,94149.9,-33013.7,944.0,940.0,80.0,73.0,32.0,643.3,-33.580027,-70.581606,2020-03-02 09:34:02
0.0,1.7,37430.2,3715.5,-553.4,-17808.3,-12882.8,-22.1,0.0,0.0,-1535.9,-295.3,15.0,94165.3,-33145.9,932.0,932.0,80.0,73.0,0.0,637.8,-33.579414,-70.581723,2020-03-02 09:35:02
0.0,1.7,37430.5,3733.4,-553.7,-17921.2,-13013.1,-22.1,0.0,0.0,-1542.8,-295.3,0.0,94656.3,-33396.3,868.0,872.0,80.0,73.0,0.0,637.7,-33.576788,-70.582179,2020-03-02 09:36:02
0.0,-21.8,37431.1,3753.3,-555.1,-18169.1,-13046.7,-22.1,0.0,0.0,-1560.1,-295.6,14.0,95183.6,-33696.8,836.0,840.0,80.0,74.0,13.0,638.7,-33.571873,-70.583187,2020-03-02 09:37:02
0.0,3.9,37431.5,3774.1,-569.6,-18415.6,-13103.9,-22.1,0.0,0.0,-1574.4,-298.4,0.0,95732.8,-34032.8,776.0,776.0,79.0,75.0,0.0,637.9,-33.568359,-70.583885,2020-03-02 09:38:02
0.0,-4.2,37431.9,3795.9,-569.6,-18415.6,-13103.9,-22.1,0.0,0.0,-1574.4,-298.4,17.0,96322.4,-34032.8,1000.0,1000.0,79.0,75.0,54.0,636.2,-33.564784,-70.584556,2020-03-02 09:39:02
0.0,1.7,37432.0,3795.9,-569.6,-18505.3,-13309.8,-22.1,0.0,0.0,-1574.4,-298.4,17.0,96338.2,-34328.4,948.0,952.0,79.0,74.0,0.0,637.8,-33.563906,-70.584712,2020-03-02 09:40:02
0.0,1.7,37432.4,3816.9,-569.9,-18552.4,-13509.6,-22.1,0.0,0.0,-1575.0,-298.4,0.0,96893.2,-34576.3,868.0,880.0,79.0,75.0,0.0,637.5,-33.561063,-70.585169,2020-03-02 09:41:02
0.0,-8.2,37433.0,3838.4,-569.9,-18552.4,-13509.6,-22.1,0.0,0.0,-1575.0,-298.4,0.0,97462.4,-34576.3,868.0,876.0,79.0,75.0,56.0,636.6,-33.555841,-70.586101,2020-03-02 09:42:02
43.0,1.9,37433.2,3838.4,-570.1,-18613.3,-13735.6,-22.1,0.0,0.0,-1583.9,-299.1,0.0,97476.9,-34872.9,804.0,808.0,79.0,74.0,0.0,637.9,-33.553932,-70.586413,2020-03-02 09:43:02
96.0,15.5,37433.6,3893.3,-570.1,-18616.4,-13735.6,-22.1,0.0,0.0,-1583.9,-299.1,0.0,98163.8,-34876.0,1000.0,1000.0,79.0,74.0,54.0,635.1,-33.550777,-70.586937,2020-03-02 09:44:02
0.0,1.6,37434.0,3893.3,-581.3,-18692.7,-13922.9,-22.1,0.0,0.0,-1591.3,-299.5,0.0,98206.5,-35158.5,908.0,908.0,79.0,73.0,0.0,637.8,-33.547513,-70.587506,2020-03-02 09:45:02
0.0,-7.9,37434.3,3940.6,-581.3,-18713.3,-13922.9,-22.1,0.0,0.0,-1594.1,-299.5,0.0,98866.3,-35181.8,856.0,856.0,79.0,74.0,54.0,635.3,-33.545289,-70.588447,2020-03-02 09:46:02
0.0,-208.4,37434.9,3963.9,-581.7,-18936.5,-14260.4,-22.1,0.0,0.0,-1611.9,-299.5,28.0,99457.8,-35760.9,828.0,828.0,79.0,77.0,29.0,642.5,-33.540124,-70.590775,2020-03-02 09:47:02
0.0,-230.9,37435.4,3987.9,-581.9,-19256.3,-14375.1,-22.1,0.0,0.0,-1612.2,-299.5,26.0,100054.6,-36195.9,816.0,828.0,79.0,79.0,27.0,643.6,-33.536066,-70.592612,2020-03-02 09:48:02
100.0,238.0,37435.6,4035.3,-581.9,-19286.0,-14557.8,-22.1,0.0,0.0,-1612.2,-299.5,0.0,100428.9,-36408.3,832.0,828.0,79.0,81.0,23.0,631.5,-33.535185,-70.592987,2020-03-02 09:49:02
0.0,-83.7,37436.4,4035.3,-593.2,-19553.1,-14684.7,-22.1,0.0,0.0,-1625.3,-310.3,25.0,101063.7,-36837.4,972.0,988.0,78.0,80.0,9.0,641.1,-33.528767,-70.595791,2020-03-02 09:50:02
50.0,1.9,37436.4,4035.3,-593.2,-19557.9,-14690.0,-22.1,0.0,0.0,-1625.3,-310.3,0.0,101082.1,-36847.6,948.0,956.0,78.0,76.0,0.0,637.8,-33.528767,-70.595791,2020-03-02 09:51:02
72.0,124.2,37436.6,4097.5,-593.3,-19646.6,-14846.7,-22.1,0.0,0.0,-1625.3,-310.3,0.0,101624.9,-37093.2,852.0,864.0,78.0,76.0,12.0,634.9,-33.526971,-70.596516,2020-03-02 09:52:02
0.0,0.0,37437.0,4119.8,-598.5,-19904.6,-14942.9,-22.1,0.0,0.0,-1636.1,-310.9,13.0,102252.4,-37464.2,788.0,788.0,78.0,77.0,7.0,637.4,-33.523285,-70.598083,2020-03-02 09:53:02
56.0,144.4,37437.1,4147.8,-598.5,-19904.6,-14942.9,-22.1,0.0,0.0,-1636.1,-310.9,0.0,102564.2,-37464.2,936.0,940.0,78.0,73.0,39.0,632.5,-33.522687,-70.598355,2020-03-02 09:54:02
62.0,155.5,37437.4,4175.4,-599.6,-20170.7,-14994.3,-22.1,0.0,0.0,-1639.3,-311.4,0.0,102990.7,-37786.4,960.0,968.0,78.0,73.0,29.0,632.9,-33.520481,-70.599453,2020-03-02 09:55:02
0.0,0.0,37437.7,4199.3,-609.1,-20443.5,-15048.1,-22.1,0.0,0.0,-1652.5,-311.4,16.0,103453.8,-38136.0,844.0,856.0,78.0,75.0,2.0,637.8,-33.518135,-70.601173,2020-03-02 09:56:02
60.0,47.5,37437.8,4220.2,-609.1,-20443.5,-15048.1,-22.1,0.0,0.0,-1652.5,-311.4,0.0,103735.2,-38136.0,840.0,840.0,78.0,73.0,38.0,634.8,-33.517683,-70.601467,2020-03-02 09:57:02
0.0,-112.6,37438.6,4220.2,-612.6,-20619.4,-15163.5,-22.1,0.0,0.0,-1666.2,-314.0,26.0,104085.6,-38447.1,816.0,824.0,78.0,71.0,15.0,641.8,-33.512485,-70.606979,2020-03-02 09:58:02
98.0,215.3,37438.9,4261.6,-616.2,-20784.4,-15185.7,-22.1,0.0,0.0,-1672.5,-321.8,0.0,104776.6,-38652.1,996.0,1000.0,78.0,74.0,45.0,631.1,-33.510629,-70.609311,2020-03-02 09:59:02
0.0,-204.1,37439.4,4283.1,-627.9,-21091.7,-15311.2,-22.1,0.0,0.0,-1694.2,-328.9,24.0,105452.6,-39126.4,868.0,868.0,78.0,77.0,28.0,640.4,-33.507746,-70.61301,2020-03-02 10:00:02
0.0,1.6,37439.9,4283.1,-640.4,-21255.4,-15475.5,-22.1,0.0,0.0,-1716.8,-336.3,20.0,106016.1,-39498.3,824.0,828.0,78.0,77.0,0.0,637.0,-33.504044,-70.61492,2020-03-02 10:01:02
0.0,-9.2,37440.4,4305.4,-642.8,-21299.9,-15494.4,-22.1,0.0,0.0,-1738.3,-340.9,17.0,106716.4,-39590.2,820.0,824.0,78.0,78.0,52.0,635.3,-33.500055,-70.615573,2020-03-02 10:02:02
0.0,8.0,37440.5,4325.5,-642.8,-21380.9,-15691.7,-22.1,0.0,0.0,-1738.3,-340.9,15.0,106803.1,-39868.4,972.0,972.0,78.0,76.0,0.0,636.9,-33.499069,-70.615715,2020-03-02 10:03:02
0.0,1.6,37440.8,4347.3,-642.9,-21452.5,-15860.9,-22.1,0.0,0.0,-1743.6,-350.3,0.0,107341.7,-40124.2,936.0,936.0,78.0,75.0,0.0,637.0,-33.496553,-70.616328,2020-03-02 10:04:02
51.0,98.0,37441.0,4366.8,-642.9,-21452.5,-15860.9,-22.1,0.0,0.0,-1744.1,-350.7,0.0,107791.4,-40125.0,936.0,944.0,78.0,73.0,50.0,632.7,-33.495069,-70.616636,2020-03-02 10:05:02
0.0,2.2,37441.9,4366.8,-646.6,-21464.8,-15860.9,-22.1,0.0,0.0,-1772.2,-352.1,12.0,107931.0,-40170.7,936.0,936.0,78.0,71.0,50.0,636.9,-33.487511,-70.618374,2020-03-02 10:06:02
44.0,39.1,37442.1,4397.1,-652.0,-21632.7,-15904.3,-22.1,0.0,0.0,-1780.1,-352.1,0.0,107997.8,-40395.3,840.0,840.0,78.0,70.0,5.0,636.8,-33.486202,-70.618917,2020-03-02 10:07:02
45.0,2.4,37442.6,4438.9,-659.7,-21850.6,-15904.3,-22.1,0.0,0.0,-1803.2,-352.7,0.0,108484.3,-40644.6,816.0,816.0,78.0,70.0,0.0,637.5,-33.482458,-70.620948,2020-03-02 10:08:02
0.0,1.6,37442.9,4469.2,-661.2,-22105.3,-15929.8,-22.1,0.0,0.0,-1803.4,-352.7,14.0,109040.9,-40926.5,788.0,788.0,78.0,72.0,0.0,637.2,-33.479352,-70.621768,2020-03-02 10:09:02
80.0,82.1,37443.2,4515.0,-661.2,-22153.9,-15962.5,-22.1,0.0,0.0,-1803.4,-352.7,0.0,109721.1,-41007.9,908.0,908.0,77.0,73.0,49.0,633.4,-33.477345,-70.622263,2020-03-02 10:10:02
58.0,2.5,37443.4,4515.0,-674.8,-22306.0,-16048.0,-22.1,0.0,0.0,-1803.7,-352.7,0.0,109882.8,-41259.4,960.0,960.0,77.0,74.0,0.0,637.0,-33.47501,-70.622944,2020-03-02 10:11:02
56.0,78.4,37444.1,4538.3,-675.7,-22505.7,-16084.6,-22.1,0.0,0.0,-1816.1,-352.7,0.0,110974.6,-41509.0,948.0,948.0,77.0,76.0,52.0,632.3,-33.470256,-70.624151,2020-03-02 10:12:02
0.0,1.9,37444.4,4538.3,-676.0,-22561.4,-16253.7,-22.1,0.0,0.0,-1822.1,-354.1,0.0,111144.1,-41741.5,856.0,856.0,77.0,75.0,0.0,636.5,-33.467824,-70.626281,2020-03-02 10:13:02
56.0,61.7,37445.0,4561.0,-676.0,-22561.4,-16253.7,-22.1,0.0,0.0,-1823.6,-355.7,0.0,112051.4,-41744.7,856.0,856.0,77.0,74.0,53.0,632.6,-33.462691,-70.627732,2020-03-02 10:14:02
75.0,134.5,37445.4,4587.0,-683.3,-22635.7,-16328.0,-22.1,0.0,0.0,-1844.3,-355.7,0.0,112353.1,-41921.5,828.0,836.0,77.0,73.0,33.0,631.9,-33.459907,-70.628573,2020-03-02 10:15:02
78.0,142.2,37445.6,4635.6,-683.5,-22762.6,-16472.5,-22.1,0.0,0.0,-1845.1,-355.7,0.0,112889.5,-42194.0,804.0,804.0,77.0,77.0,16.0,632.3,-33.458007,-70.629069,2020-03-02 10:16:02
42.0,135.8,37445.9,4668.0,-683.7,-22868.5,-16587.8,-22.1,0.0,0.0,-1845.5,-355.7,0.0,113650.0,-42415.8,908.0,908.0,76.0,78.0,30.0,631.3,-33.455598,-70.629823,2020-03-02 10:17:02
0.0,1.8,37446.3,4668.0,-685.0,-22973.1,-16710.2,-22.1,0.0,0.0,-1848.9,-368.8,0.0,114227.7,-42660.6,956.0,960.0,76.0,77.0,0.0,635.6,-33.452142,-70.63086,2020-03-02 10:18:02
0.0,-247.4,37446.7,4691.4,-685.1,-23045.4,-16804.2,-22.1,0.0,0.0,-1851.4,-369.2,30.0,114944.7,-42829.9,944.0,948.0,76.0,76.0,26.0,640.4,-33.449089,-70.631786,2020-03-02 10:19:02
0.0,1.9,37446.9,4714.6,-685.3,-23165.6,-16871.4,-22.1,0.0,0.0,-1854.3,-371.6,14.0,115284.8,-43022.9,880.0,884.0,76.0,77.0,0.0,635.6,-33.447525,-70.63227,2020-03-02 10:20:02
95.0,207.0,37447.2,4758.4,-685.4,-23301.6,-16871.4,-22.1,0.0,0.0,-1859.1,-371.7,0.0,116036.9,-43163.9,856.0,864.0,76.0,76.0,40.0,628.8,-33.445152,-70.632937,2020-03-02 10:21:02
40.0,85.3,37447.6,4781.3,-685.7,-23344.5,-17023.3,-22.1,0.0,0.0,-1861.2,-372.0,0.0,116696.2,-43361.5,816.0,816.0,76.0,78.0,40.0,631.9,-33.441812,-70.633835,2020-03-02 10:22:02
0.0,7.6,37448.1,4781.3,-695.8,-23499.2,-17023.3,-22.1,0.0,0.0,-1890.5,-375.6,15.0,117104.6,-43560.4,764.0,764.0,76.0,75.0,0.0,635.1,-33.43779,-70.634941,2020-03-02 10:23:02
50.0,46.4,37448.1,4790.4,-695.8,-23499.2,-17023.3,-22.1,0.0,0.0,-1890.5,-375.6,0.0,117180.4,-43560.4,964.0,972.0,76.0,71.0,6.0,634.8,-33.43779,-70.634941,2020-03-02 10:24:02
0.0,-5.0,37448.5,4828.9,-701.3,-23706.5,-17023.3,-22.1,0.0,0.0,-1919.2,-376.3,16.0,117872.9,-43802.6,936.0,936.0,76.0,71.0,37.0,635.9,-33.435803,-70.638172,2020-03-02 10:25:02
0.0,3.5,37448.6,4846.9,-701.3,-23741.0,-17126.2,-22.1,0.0,0.0,-1919.2,-376.3,0.0,117987.5,-43940.1,900.0,908.0,76.0,70.0,25.0,635.3,-33.435757,-70.63891,2020-03-02 10:26:02
0.0,1.0,37448.6,4846.9,-701.3,-23797.4,-17126.2,-22.1,0.0,0.0,-1919.2,-376.3,0.0,117998.9,-43996.5,840.0,840.0,76.0,69.0,0.0,636.5,-33.436208,-70.639135,2020-03-02 10:27:02
0.0,1.0,37448.6,4846.9,-701.3,-23797.4,-17126.2,-22.1,0.0,0.0,-1919.2,-376.3,0.0,118003.3,-43996.5,840.0,840.0,76.0,66.0,0.0,636.8,-33.436208,-70.639135,2020-03-02 10:28:02
0.0,7.1,37448.7,4861.5,-701.3,-23797.4,-17126.2,-22.1,0.0,0.0,-1919.2,-376.3,0.0,118055.6,-43996.5,816.0,816.0,76.0,64.0,0.0,636.6,-33.436208,-70.639135,2020-03-02 10:29:02
0.0,7.0,37448.7,4861.5,-701.3,-23797.4,-17126.2,-22.1,0.0,0.0,-1919.2,-376.3,0.0,118083.2,-43996.5,960.0,956.0,76.0,64.0,0.0,636.7,-33.436208,-70.639135,2020-03-02 10:33:48
0.0,1.2,37448.7,4861.5,-701.3,-23797.4,-17126.2,-22.1,0.0,0.0,-1919.2,-376.3,0.0,118115.8,-43996.5,936.0,936.0,76.0,59.0,0.0,638.0,-33.436293,-70.639188,2020-03-02 10:37:48
0.0,1.2,37448.7,4861.5,-701.3,-23797.4,-17126.2,-22.1,0.0,0.0,-1919.2,-376.3,0.0,118125.0,-43996.5,936.0,936.0,76.0,58.0,0.0,638.1,-33.436293,-70.639188,2020-03-02 10:38:48
0.0,1.2,37448.7,4861.5,-701.3,-23797.4,-17126.2,-22.1,0.0,0.0,-1919.2,-376.3,0.0,118125.0,-43996.5,936.0,936.0,76.0,58.0,0.0,638.1,-33.436293,-70.639188,2020-03-02 10:38:48
0.0,1.1,37448.7,4861.5,-701.3,-23797.4,-17126.2,-22.1,0.0,0.0,-1919.2,-376.3,0.0,118134.4,-43996.5,936.0,936.0,76.0,58.0,0.0,638.2,-33.436293,-70.639188,2020-03-02 10:39:48
0.0,1.1,37448.7,4861.5,-701.3,-23797.4,-17126.2,-22.1,0.0,0.0,-1919.2,-376.3,0.0,118143.7,-43996.5,936.0,936.0,76.0,58.0,0.0,638.2,-33.436293,-70.639188,2020-03-02 10:40:48
0.0,-49.5,37449.0,4902.1,-702.5,-23830.6,-17182.4,-22.1,0.0,0.0,-1921.9,-376.3,16.0,118690.0,-44090.4,816.0,824.0,76.0,59.0,21.0,637.3,-33.437184,-70.636715,2020-03-02 10:42:48
0.0,-49.5,37449.0,4902.1,-702.5,-23830.6,-17182.4,-22.1,0.0,0.0,-1921.9,-376.3,16.0,118690.0,-44090.4,816.0,824.0,76.0,59.0,21.0,637.3,-33.437184,-70.636715,2020-03-02 10:42:48
0.0,-85.2,37449.4,4915.8,-710.4,-23938.0,-17200.4,-22.1,0.0,0.0,-1938.5,-376.9,22.0,119245.7,-44240.8,828.0,828.0,75.0,63.0,27.0,637.3,-33.440102,-70.635532,2020-03-02 10:43:48
0.0,-133.4,37449.8,4946.4,-712.0,-24081.3,-17247.4,-22.1,0.0,0.0,-1946.5,-376.9,24.0,119856.1,-44440.7,972.0,972.0,75.0,66.0,24.0,638.6,-33.442524,-70.633748,2020-03-02 10:44:48
0.0,-257.1,37450.3,4962.3,-714.0,-24150.1,-17303.9,-22.1,0.0,0.0,-1951.2,-377.0,21.0,120374.0,-44572.9,936.0,936.0,75.0,67.0,35.0,640.6,-33.446723,-70.632464,2020-03-02 10:45:48
51.0,169.1,37450.4,4981.8,-716.4,-24256.8,-17309.7,-22.1,0.0,0.0,-1957.3,-377.0,0.0,120535.4,-44694.0,872.0,876.0,75.0,66.0,22.0,632.1,-33.447281,-70.632291,2020-03-02 10:46:48
61.0,8.6,37450.9,4981.8,-717.8,-24497.5,-17400.1,-22.1,0.0,0.0,-1958.8,-381.6,0.0,121084.3,-45032.6,856.0,856.0,75.0,68.0,0.0,636.5,-33.451538,-70.631012,2020-03-02 10:47:48
51.0,56.6,37451.4,5003.1,-718.3,-24689.7,-17449.6,-22.1,0.0,0.0,-1966.9,-381.8,0.0,121812.9,-45283.2,828.0,828.0,75.0,70.0,40.0,633.7,-33.456016,-70.62973,2020-03-02 10:48:48
33.0,80.6,37452.0,5010.6,-718.9,-24777.8,-17521.1,-22.1,0.0,0.0,-1968.5,-381.8,0.0,122248.6,-45445.0,828.0,828.0,75.0,71.0,46.0,632.8,-33.461206,-70.628215,2020-03-02 10:49:48
0.0,-59.6,37452.7,5010.6,-720.1,-25002.1,-17705.8,-22.1,0.0,0.0,-1970.6,-383.8,26.0,122749.7,-45859.2,816.0,816.0,75.0,72.0,8.0,638.2,-33.466851,-70.626592,2020-03-02 10:50:48
53.0,150.5,37452.8,5054.9,-720.1,-25023.2,-17718.9,-22.1,0.0,0.0,-1970.6,-383.8,0.0,123095.9,-45893.4,992.0,996.0,75.0,73.0,30.0,631.4,-33.467503,-70.626432,2020-03-02 10:51:48
34.0,68.5,37453.6,5054.9,-720.2,-25033.5,-17718.9,-22.1,0.0,0.0,-1984.6,-384.1,0.0,123666.8,-45918.1,984.0,988.0,74.0,72.0,42.0,633.2,-33.473262,-70.623506,2020-03-02 10:52:48
0.0,7.3,37454.1,5054.9,-729.0,-25215.0,-17801.6,-22.1,0.0,0.0,-1993.8,-384.1,0.0,124155.9,-46202.8,936.0,936.0,74.0,71.0,0.0,635.3,-33.477588,-70.622536,2020-03-02 10:53:48
44.0,116.1,37454.2,5098.1,-729.0,-25230.6,-17848.3,-22.1,0.0,0.0,-1993.8,-384.1,0.0,124537.4,-46265.2,896.0,896.0,74.0,72.0,27.0,631.7,-33.478546,-70.622219,2020-03-02 10:54:48
45.0,117.6,37454.8,5098.1,-729.0,-25389.1,-17858.7,-22.1,0.0,0.0,-1998.0,-384.1,0.0,125389.6,-46438.3,880.0,880.0,74.0,73.0,50.0,630.2,-33.48356,-70.620984,2020-03-02 10:55:48
0.0,2.7,37455.1,5098.1,-729.1,-25493.1,-17898.7,-22.1,0.0,0.0,-2006.5,-384.1,15.0,125425.2,-46590.7,864.0,868.0,74.0,72.0,0.0,635.2,-33.485232,-70.619835,2020-03-02 10:56:48
0.0,2.7,37455.3,5122.2,-729.3,-25516.6,-18001.7,-22.1,0.0,0.0,-2006.8,-384.1,20.0,125782.4,-46717.8,824.0,828.0,74.0,71.0,0.0,635.1,-33.486812,-70.618788,2020-03-02 10:57:48
55.0,127.2,37455.9,5139.7,-731.1,-25543.4,-18001.7,-22.1,0.0,0.0,-2031.0,-384.3,0.0,126486.0,-46770.9,816.0,816.0,74.0,72.0,36.0,631.0,-33.491798,-70.617469,2020-03-02 10:58:48
78.0,111.9,37459.2,5384.2,-735.0,-25857.8,-18793.8,-22.1,0.0,0.0,-2037.9,-384.5,0.0,131491.3,-47888.5,784.0,788.0,73.0,74.0,9.0,630.8,-33.517397,-70.604907,2020-03-02 11:07:48
44.0,68.2,37459.6,5405.8,-737.0,-25884.5,-18899.7,-22.1,0.0,0.0,-2042.5,-384.5,0.0,132229.3,-48027.5,936.0,936.0,72.0,76.0,7.0,631.2,-33.519852,-70.602471,2020-03-02 11:08:48
0.0,-200.3,37460.0,5448.8,-737.0,-25970.9,-18997.1,-22.1,0.0,0.0,-2042.5,-384.5,27.0,133029.7,-48211.4,908.0,908.0,72.0,76.0,26.0,636.0,-33.522116,-70.599594,2020-03-02 11:09:48
0.0,-123.1,37460.3,5498.1,-737.0,-26012.3,-19068.7,-22.1,0.0,0.0,-2042.5,-384.5,16.0,133676.7,-48324.5,840.0,856.0,72.0,79.0,37.0,633.4,-33.524102,-70.597845,2020-03-02 11:10:48
0.0,-102.2,37460.8,5524.4,-745.4,-26117.0,-19068.7,-22.1,0.0,0.0,-2053.9,-385.0,18.0,134342.9,-48450.7,816.0,816.0,72.0,78.0,33.0,633.0,-33.527836,-70.596217,2020-03-02 11:11:48
72.0,157.2,37460.9,5549.6,-745.4,-26221.2,-19068.7,-22.1,0.0,0.0,-2053.9,-385.0,0.0,134626.1,-48554.9,804.0,804.0,72.0,75.0,33.0,627.8,-33.528667,-70.595868,2020-03-02 11:12:48
0.0,-80.3,37461.4,5573.5,-745.4,-26322.1,-19145.2,-22.1,0.0,0.0,-2056.3,-385.2,0.0,135679.0,-48734.8,788.0,792.0,72.0,77.0,45.0,632.5,-33.533278,-70.593886,2020-03-02 11:13:48
38.0,77.6,37462.0,5600.8,-747.5,-26438.2,-19203.0,-22.1,0.0,0.0,-2059.4,-386.4,0.0,136493.2,-48915.2,988.0,988.0,72.0,76.0,41.0,628.6,-33.53731,-70.591979,2020-03-02 11:14:48
0.0,-217.8,37462.6,5600.8,-748.2,-26548.3,-19255.0,-22.1,0.0,0.0,-2060.4,-386.5,23.0,137224.3,-49079.1,972.0,972.0,71.0,75.0,27.0,636.0,-33.542247,-70.589787,2020-03-02 11:15:48
66.0,160.9,37462.7,5658.3,-748.2,-26661.9,-19255.0,-22.1,0.0,0.0,-2060.4,-386.5,0.0,137563.8,-49192.6,936.0,936.0,71.0,74.0,26.0,627.5,-33.543145,-70.58939,2020-03-02 11:16:48
0.0,7.3,37463.1,5666.7,-750.1,-26758.1,-19341.0,-22.1,0.0,0.0,-2066.8,-386.6,17.0,138249.0,-49383.2,860.0,860.0,71.0,75.0,0.0,631.6,-33.546687,-70.587701,2020-03-02 11:17:48
0.0,109.7,37463.8,5698.4,-750.1,-26758.1,-19341.0,-22.1,0.0,0.0,-2067.2,-386.7,0.0,139163.7,-49383.6,868.0,868.0,71.0,74.0,49.0,627.3,-33.551752,-70.586853,2020-03-02 11:18:48
34.0,95.7,37463.9,5734.2,-750.1,-26917.9,-19341.0,-22.1,0.0,0.0,-2073.8,-386.7,0.0,139443.1,-49551.6,816.0,816.0,71.0,72.0,32.0,628.5,-33.553398,-70.586484,2020-03-02 11:19:48
40.0,110.4,37464.3,5767.4,-751.8,-27021.6,-19341.0,-22.1,0.0,0.0,-2078.1,-386.7,0.0,139884.8,-49661.4,788.0,788.0,71.0,71.0,14.0,629.1,-33.556511,-70.58599,2020-03-02 11:20:48
0.0,-3.7,37464.8,5798.5,-751.8,-27067.2,-19470.4,-22.1,0.0,0.0,-2078.3,-386.8,20.0,140621.7,-49836.8,828.0,828.0,70.0,72.0,8.0,631.3,-33.560118,-70.585334,2020-03-02 11:21:48
31.0,37.6,37465.1,5853.6,-751.8,-27074.3,-19474.3,-22.1,0.0,0.0,-2078.8,-387.0,0.0,141405.6,-49848.4,1000.0,996.0,70.0,74.0,50.0,628.6,-33.562818,-70.58485,2020-03-02 11:22:48
54.0,115.9,37467.2,5973.4,-754.8,-27485.2,-19838.4,-22.1,0.0,0.0,-2085.0,-387.4,0.0,144687.6,-50633.1,988.0,988.0,70.0,73.0,47.0,626.8,-33.58047,-70.581445,2020-03-02 11:28:48
23.0,16.0,37468.0,5973.4,-754.8,-27485.2,-19838.4,-22.1,0.0,0.0,-2086.7,-387.5,0.0,145452.2,-50634.8,972.0,984.0,69.0,72.0,50.0,629.1,-33.58744,-70.580095,2020-03-02 11:29:48
0.0,26.2,37468.5,5997.5,-759.1,-27580.0,-19903.8,-22.1,0.0,0.0,-2094.9,-387.5,0.0,146098.2,-50810.2,880.0,880.0,69.0,73.0,44.0,628.7,-33.59153,-70.579349,2020-03-02 11:30:48
0.0,5.3,37468.8,6054.3,-762.6,-27646.4,-20012.1,-22.1,0.0,0.0,-2096.0,-387.5,0.0,146505.1,-50989.6,840.0,840.0,69.0,75.0,29.0,629.8,-33.593597,-70.579149,2020-03-02 11:31:48
0.0,7.4,37469.2,6054.3,-766.9,-27759.0,-20012.1,-22.1,0.0,0.0,-2109.3,-388.0,18.0,146966.3,-51121.9,812.0,812.0,69.0,74.0,0.0,630.9,-33.597574,-70.578332,2020-03-02 11:32:48
1.0,7.4,37469.5,6080.2,-768.5,-27831.8,-20025.7,-22.1,0.0,0.0,-2115.7,-388.0,0.0,147386.5,-51216.3,788.0,788.0,69.0,73.0,0.0,630.9,-33.599591,-70.577923,2020-03-02 11:33:48
49.0,105.7,37469.5,6146.7,-768.5,-27841.4,-20059.7,-22.1,0.0,0.0,-2115.7,-388.0,0.0,147682.0,-51259.9,1000.0,1000.0,69.0,73.0,11.0,628.9,-33.599849,-70.577939,2020-03-02 11:34:48
0.0,7.3,37470.1,6168.0,-770.0,-28089.4,-20076.2,-22.1,0.0,0.0,-2124.0,-388.0,15.0,148606.8,-51534.4,904.0,900.0,69.0,73.0,0.0,631.3,-33.605011,-70.576814,2020-03-02 11:36:48
96.0,78.7,37470.2,6215.3,-770.2,-28094.0,-20116.0,-22.1,0.0,0.0,-2124.2,-388.5,0.0,148871.7,-51579.6,868.0,868.0,68.0,73.0,8.0,629.6,-33.605851,-70.576667,2020-03-02 11:37:48
7.0,8.7,37470.3,6263.8,-770.2,-28128.5,-20120.7,-22.1,0.0,0.0,-2124.2,-388.5,0.0,149110.9,-51618.8,840.0,840.0,68.0,74.0,0.0,631.1,-33.606581,-70.57644,2020-03-02 11:38:48
0.0,13.4,37470.5,6313.9,-770.5,-28208.5,-20125.8,-22.1,0.0,0.0,-2125.3,-388.9,8.0,149488.4,-51705.9,856.0,852.0,68.0,74.0,0.0,630.9,-33.607768,-70.57625,2020-03-02 11:39:48
0.0,7.2,37470.6,6392.2,-772.6,-28233.4,-20125.8,-22.1,0.0,0.0,-2128.1,-388.9,0.0,149774.5,-51735.8,940.0,948.0,68.0,73.0,0.0,631.0,-33.608999,-70.575949,2020-03-02 11:40:48
81.0,14.9,37470.6,6393.6,-772.6,-28233.4,-20125.8,-22.1,0.0,0.0,-2128.1,-388.9,0.0,149824.2,-51735.8,948.0,948.0,68.0,70.0,3.0,631.4,-33.608999,-70.575949,2020-03-02 11:41:48
0.0,-40.1,37470.8,6461.1,-773.3,-28278.1,-20125.8,-22.1,0.0,0.0,-2131.1,-388.9,19.0,150131.6,-51784.0,908.0,908.0,68.0,70.0,13.0,632.1,-33.610737,-70.575583,2020-03-02 11:42:48
20.0,74.9,37471.1,6506.5,-773.3,-28372.7,-20125.8,-22.1,0.0,0.0,-2132.8,-389.3,0.0,150486.9,-51880.8,880.0,880.0,68.0,71.0,22.0,629.2,-33.613097,-70.575253,2020-03-02 11:43:48
0.0,-33.1,37471.5,6506.5,-775.3,-28653.0,-20127.5,-22.1,0.0,0.0,-2143.7,-392.6,0.0,150911.1,-52179.0,856.0,856.0,68.0,72.0,8.0,632.4,-33.614156,-70.578294,2020-03-02 11:44:48
40.0,162.1,37471.9,6510.3,-776.1,-28782.3,-20127.5,-22.1,0.0,0.0,-2161.8,-392.9,0.0,151413.3,-52327.4,816.0,816.0,68.0,72.0,32.0,627.1,-33.614622,-70.582092,2020-03-02 11:45:48
44.0,141.1,37472.3,6530.6,-779.5,-28981.0,-20313.2,-22.1,0.0,0.0,-2167.8,-400.5,0.0,152164.5,-52729.0,836.0,848.0,68.0,74.0,34.0,627.2,-33.615516,-70.586778,2020-03-02 11:46:48
0.0,7.7,37472.7,6535.1,-780.1,-29141.1,-20380.2,-22.1,0.0,0.0,-2173.7,-400.5,18.0,152484.2,-52962.6,960.0,960.0,68.0,75.0,0.0,631.4,-33.616372,-70.590423,2020-03-02 11:47:50
50.0,1.5,37473.1,6556.0,-780.1,-29234.7,-20520.6,-22.1,0.0,0.0,-2187.5,-413.4,0.0,153251.1,-53223.1,944.0,936.0,68.0,76.0,36.0,630.2,-33.615695,-70.594432,2020-03-02 11:48:48
0.0,9.5,37473.3,6576.5,-780.9,-29384.9,-20549.1,-22.1,0.0,0.0,-2190.3,-413.4,0.0,153506.5,-53405.4,896.0,904.0,68.0,76.0,17.0,630.9,-33.614805,-70.59605,2020-03-02 11:49:48
76.0,178.8,37473.6,6615.8,-780.9,-29426.0,-20579.2,-22.1,0.0,0.0,-2190.3,-413.4,0.0,154033.9,-53476.7,840.0,836.0,68.0,75.0,43.0,625.6,-33.615295,-70.598922,2020-03-02 11:50:48
58.0,89.0,37474.0,6664.7,-783.6,-29651.0,-20773.1,-22.1,0.0,0.0,-2193.6,-414.9,0.0,154674.1,-53902.9,796.0,804.0,68.0,77.0,19.0,628.8,-33.615512,-70.600447,2020-03-02 11:51:48
0.0,-1.4,37474.8,6664.7,-783.6,-29651.0,-20773.1,-22.1,0.0,0.0,-2201.2,-415.1,0.0,155111.5,-53910.6,804.0,812.0,67.0,76.0,51.0,630.7,-33.622097,-70.59881,2020-03-02 11:52:48
0.0,-1.6,37475.5,6664.7,-792.4,-29734.3,-20895.6,-22.1,0.0,0.0,-2220.6,-428.7,0.0,155960.1,-54158.2,1000.0,1000.0,67.0,76.0,49.0,629.9,-33.628035,-70.59939,2020-03-02 11:53:48
0.0,0.0,37476.3,6664.7,-795.1,-29797.9,-20957.1,-22.1,0.0,0.0,-2235.5,-434.0,0.0,156287.0,-54306.1,972.0,972.0,67.0,74.0,45.0,630.7,-33.63136,-70.605568,2020-03-02 11:54:48
0.0,-67.6,37477.0,6664.7,-801.1,-29985.3,-21044.8,-22.1,0.0,0.0,-2259.4,-434.3,17.0,156666.5,-54611.3,944.0,948.0,67.0,73.0,24.0,633.1,-33.630885,-70.611427,2020-03-02 11:55:48
31.0,86.5,37477.5,6686.8,-808.6,-30220.6,-21146.2,-22.1,0.0,0.0,-2302.9,-434.4,0.0,157552.0,-54999.2,896.0,896.0,67.0,76.0,24.0,629.6,-33.634665,-70.611187,2020-03-02 11:56:48
0.0,-21.5,37477.8,6707.9,-812.5,-30306.1,-21155.1,-22.1,0.0,0.0,-2306.5,-434.4,16.0,157893.4,-55101.2,852.0,856.0,67.0,76.0,12.0,631.1,-33.63301,-70.609953,2020-03-02 11:57:48
0.0,6.3,37477.8,6710.8,-812.8,-30309.7,-21155.1,-22.1,0.0,0.0,-2306.8,-434.4,0.0,157968.7,-55105.3,824.0,824.0,67.0,73.0,0.0,631.1,-33.632988,-70.609777,2020-03-02 11:58:48
1.0,18.0,37477.9,6772.6,-812.9,-30313.1,-21155.1,-22.1,0.0,0.0,-2306.8,-434.4,0.0,158140.6,-55108.9,896.0,904.0,67.0,70.0,7.0,630.3,-33.633318,-70.609682,2020-03-02 11:59:48
0.0,2.6,37477.9,6772.6,-812.9,-30313.1,-21155.1,-22.1,0.0,0.0,-2306.8,-434.4,16.0,158194.3,-55108.9,988.0,988.0,67.0,68.0,0.0,631.4,-33.633382,-70.609734,2020-03-02 12:00:48
0.0,2.5,37477.9,6780.8,-812.9,-30313.1,-21155.1,-22.1,0.0,0.0,-2306.8,-434.4,0.0,158227.3,-55108.9,960.0,960.0,67.0,66.0,0.0,631.6,-33.633382,-70.609734,2020-03-02 12:01:48
0.0,2.6,37477.9,6780.8,-812.9,-30313.1,-21155.1,-22.1,0.0,0.0,-2306.8,-434.4,0.0,158258.9,-55108.9,960.0,960.0,67.0,64.0,0.0,631.8,-33.633382,-70.609734,2020-03-02 12:02:48
20.0,24.4,37478.0,6804.8,-814.6,-30325.1,-21155.1,-22.1,0.0,0.0,-2310.2,-434.4,0.0,158370.6,-55125.9,916.0,920.0,67.0,64.0,10.0,631.2,-33.633708,-70.610556,2020-03-02 12:03:48
0.0,3.7,37478.1,6807.9,-815.5,-30330.2,-21155.1,-22.1,0.0,0.0,-2310.2,-434.4,0.0,158458.7,-55131.9,868.0,876.0,67.0,64.0,0.0,631.7,-33.633713,-70.609867,2020-03-02 12:04:48
0.0,8.1,37478.1,6807.9,-815.5,-30330.2,-21155.1,-22.1,0.0,0.0,-2310.2,-434.4,0.0,158550.4,-55131.9,880.0,876.0,67.0,63.0,0.0,631.5,-33.633713,-70.609867,2020-03-02 12:05:48
0.0,7.1,37478.1,6807.9,-815.5,-30330.2,-21155.1,-22.1,0.0,0.0,-2310.2,-434.4,0.0,158568.0,-55131.9,880.0,876.0,67.0,63.0,0.0,631.5,-33.633713,-70.609867,2020-03-02 12:23:50
0.0,8.4,37478.1,6817.9,-815.5,-30330.2,-21155.1,-22.1,0.0,0.0,-2310.2,-434.4,16.0,158614.9,-55131.9,836.0,832.0,67.0,59.0,3.0,632.4,-33.633713,-70.609867,2020-03-02 12:24:50
37.0,31.9,37478.2,6871.7,-815.9,-30383.7,-21155.1,-22.1,0.0,0.0,-2312.0,-435.8,0.0,158826.8,-55189.5,960.0,960.0,66.0,59.0,6.0,631.9,-33.633229,-70.610587,2020-03-02 12:25:50
0.0,0.0,37478.3,6898.5,-815.9,-30383.7,-21155.1,-22.1,0.0,0.0,-2312.0,-435.8,17.0,158891.3,-55189.5,828.0,828.0,66.0,60.0,0.0,632.4,-33.63313,-70.610456,2020-03-02 12:26:50
0.0,1.0,37478.3,6898.5,-815.9,-30383.7,-21155.1,-22.1,0.0,0.0,-2312.0,-435.8,0.0,158969.0,-55189.5,988.0,988.0,100.0,49.0,0.0,654.0,-33.633114,-70.610617,2020-03-02 13:40:45
0.0,0.0,37478.3,6898.5,-815.9,-30383.7,-21155.1,-22.1,0.0,0.0,-2312.0,-435.8,0.0,158981.8,-55189.5,988.0,988.0,100.0,48.0,0.0,653.6,-33.633114,-70.610617,2020-03-02 13:41:45
0.0,0.0,37478.3,6898.5,-815.9,-30383.7,-21155.1,-22.1,0.0,0.0,-2312.0,-435.8,0.0,158989.9,-55189.5,988.0,984.0,100.0,48.0,0.0,653.2,-33.633114,-70.610617,2020-03-02 13:42:45
0.0,0.0,37478.3,6898.5,-815.9,-30383.7,-21155.1,-22.1,0.0,0.0,-2312.0,-435.8,0.0,158995.7,-55189.5,980.0,988.0,100.0,47.0,0.0,652.8,-33.633114,-70.610617,2020-03-02 13:43:45
0.0,1.0,37478.3,6898.5,-815.9,-30383.7,-21155.1,-22.1,0.0,0.0,-2312.0,-435.8,0.0,158999.2,-55189.5,976.0,984.0,100.0,47.0,0.0,652.5,-33.633114,-70.610617,2020-03-02 13:44:45
0.0,0.0,37478.3,6898.5,-815.9,-30383.7,-21155.1,-22.1,0.0,0.0,-2312.0,-435.8,0.0,159003.2,-55189.5,980.0,984.0,100.0,47.0,0.0,652.2,-33.633114,-70.610617,2020-03-02 13:45:45
0.0,0.0,37478.3,6898.5,-815.9,-30383.7,-21155.1,-22.1,0.0,0.0,-2312.0,-435.8,0.0,159006.6,-55189.5,972.0,988.0,100.0,46.0,0.0,651.8,-33.633114,-70.610617,2020-03-02 13:46:45
0.0,0.0,37478.3,6898.5,-815.9,-30383.7,-21155.1,-22.1,0.0,0.0,-2312.0,-435.8,0.0,159009.9,-55189.5,976.0,980.0,100.0,46.0,0.0,651.6,-33.633114,-70.610617,2020-03-02 13:47:45
44.0,17.8,37478.4,6918.7,-815.9,-30383.7,-21155.1,-22.1,0.0,0.0,-2312.0,-435.8,0.0,159119.6,-55189.5,868.0,868.0,100.0,47.0,7.0,649.3,-33.633744,-70.610503,2020-03-02 13:48:45
100.0,56.2,37478.7,6979.0,-815.9,-30383.7,-21155.1,-22.1,0.0,0.0,-2312.0,-435.8,0.0,159964.4,-55189.5,840.0,844.0,100.0,50.0,53.0,639.7,-33.632619,-70.609551,2020-03-02 13:49:45
100.0,80.2,37479.6,6979.0,-815.9,-30383.7,-21155.1,-22.1,0.0,0.0,-2312.0,-435.8,0.0,160724.7,-55189.5,856.0,856.0,100.0,52.0,52.0,637.3,-33.630593,-70.60104,2020-03-02 13:50:45
0.0,2.7,37480.3,6979.0,-815.9,-30383.7,-21155.1,-22.1,0.0,0.0,-2312.0,-435.8,6.0,161200.3,-55189.5,840.0,840.0,99.0,52.0,24.0,638.4,-33.625541,-70.597687,2020-03-02 13:51:45
0.0,3.3,37480.8,6996.2,-815.9,-30383.7,-21155.1,-22.1,0.0,0.0,-2312.0,-435.8,12.0,162123.7,-55189.5,804.0,804.0,99.0,55.0,50.0,636.7,-33.621634,-70.598275,2020-03-02 13:52:45
87.0,44.7,37481.1,7048.3,-815.9,-30383.7,-21155.1,-22.1,0.0,0.0,-2312.0,-435.8,0.0,162916.2,-55189.5,1000.0,1000.0,99.0,58.0,53.0,635.4,-33.618567,-70.598954,2020-03-02 13:53:45
0.0,8.3,37481.6,7064.4,-815.9,-30383.7,-21155.1,-22.1,0.0,0.0,-2312.0,-435.8,15.0,163299.3,-55189.5,920.0,920.0,99.0,60.0,8.0,637.4,-33.615176,-70.598281,2020-03-02 13:54:45
0.0,16.8,37481.8,7176.1,-815.9,-30383.7,-21155.1,-22.1,0.0,0.0,-2312.0,-435.8,15.0,163941.2,-55189.5,840.0,844.0,98.0,60.0,0.0,637.4,-33.614882,-70.59634,2020-03-02 13:56:45
94.0,261.6,37481.9,7202.2,-815.9,-30383.7,-21155.1,-22.1,0.0,0.0,-2312.0,-435.8,0.0,164422.9,-55189.5,816.0,816.0,98.0,60.0,24.0,632.7,-33.615208,-70.595424,2020-03-02 13:57:45
0.0,26.6,37482.4,7232.0,-815.9,-30383.7,-21155.1,-22.1,0.0,0.0,-2312.0,-435.8,23.0,165589.6,-55189.5,772.0,772.0,98.0,63.0,26.0,636.0,-33.616537,-70.591502,2020-03-02 13:58:45
0.0,10.1,37482.6,7264.5,-815.9,-30383.7,-21155.1,-22.1,0.0,0.0,-2312.0,-435.8,2.0,166300.2,-55189.5,988.0,992.0,98.0,63.0,48.0,635.9,-33.61628,-70.589636,2020-03-02 13:59:45
78.0,198.8,37483.2,7264.5,-828.3,-30532.5,-21197.0,-22.1,0.0,0.0,-2315.6,-436.8,0.0,167426.4,-55397.5,948.0,948.0,98.0,64.0,46.0,632.8,-33.61491,-70.583212,2020-03-02 14:00:45
34.0,119.0,37483.8,7264.5,-838.6,-30652.9,-21206.6,-22.1,0.0,0.0,-2320.1,-441.2,0.0,168160.8,-55546.6,904.0,900.0,97.0,66.0,18.0,635.4,-33.614161,-70.577476,2020-03-02 14:01:45
0.0,16.1,37484.0,7305.1,-839.8,-30713.1,-21206.6,-22.1,0.0,0.0,-2322.9,-441.2,11.0,168566.0,-55610.7,880.0,880.0,97.0,65.0,3.0,637.5,-33.613962,-70.575746,2020-03-02 14:02:45
73.0,104.1,37484.1,7353.5,-840.8,-30729.0,-21206.6,-22.1,0.0,0.0,-2328.9,-441.8,0.0,169103.0,-55634.3,856.0,856.0,97.0,63.0,17.0,636.5,-33.613826,-70.574666,2020-03-02 14:04:45
0.0,11.3,37484.2,7353.5,-840.8,-30737.1,-21316.5,-22.1,0.0,0.0,-2328.9,-441.8,16.0,169461.9,-55752.4,840.0,840.0,97.0,65.0,0.0,638.2,-33.612638,-70.574402,2020-03-02 14:05:45
0.0,11.4,37484.4,7377.9,-840.8,-30772.4,-21420.6,-22.1,0.0,0.0,-2328.9,-441.8,16.0,169819.2,-55891.9,804.0,800.0,97.0,65.0,0.0,638.3,-33.611525,-70.574497,2020-03-02 14:06:45
0.0,13.3,37484.5,7461.7,-841.5,-30801.7,-21420.6,-22.1,0.0,0.0,-2330.9,-441.9,16.0,170142.6,-55924.1,972.0,972.0,97.0,65.0,5.0,638.1,-33.610489,-70.574875,2020-03-02 14:07:45
41.0,13.3,37484.6,7488.4,-841.5,-30852.4,-21439.2,-22.1,0.0,0.0,-2330.9,-441.9,0.0,170431.3,-55993.5,964.0,972.0,97.0,66.0,0.0,638.4,-33.609679,-70.574895,2020-03-02 14:08:45
0.0,13.5,37485.0,7520.4,-846.8,-30936.3,-21439.2,-22.1,0.0,0.0,-2335.0,-441.9,2.0,170886.1,-56087.5,936.0,936.0,97.0,65.0,20.0,638.0,-33.606597,-70.575597,2020-03-02 14:09:45
32.0,116.7,37485.1,7568.0,-846.8,-30942.9,-21462.5,-22.1,0.0,0.0,-2335.5,-441.9,0.0,171087.8,-56118.2,896.0,896.0,97.0,65.0,14.0,637.1,-33.605861,-70.575831,2020-03-02 14:10:45
0.0,-160.0,37485.4,7592.6,-846.8,-31155.7,-21480.3,-22.1,0.0,0.0,-2337.9,-442.2,25.0,171771.7,-56351.5,872.0,872.0,96.0,67.0,25.0,641.2,-33.603658,-70.576937,2020-03-02 14:11:45
72.0,139.2,37485.7,7671.3,-847.3,-31265.0,-21602.8,-22.1,0.0,0.0,-2342.6,-442.2,0.0,172446.7,-56588.5,788.0,788.0,96.0,68.0,13.0,636.2,-33.600693,-70.577578,2020-03-02 14:13:45
62.0,151.1,37486.1,7699.1,-847.3,-31395.8,-21740.8,-22.1,0.0,0.0,-2342.6,-442.2,0.0,173490.3,-56857.3,960.0,960.0,96.0,71.0,49.0,634.0,-33.597612,-70.578124,2020-03-02 14:14:45
0.0,8.1,37487.0,7699.1,-847.3,-31426.0,-21775.9,-22.1,0.0,0.0,-2352.9,-461.8,11.0,174072.1,-56952.4,964.0,968.0,96.0,70.0,53.0,637.6,-33.590243,-70.579549,2020-03-02 14:15:45
0.0,8.1,37487.0,7699.1,-847.3,-31426.0,-21775.9,-22.1,0.0,0.0,-2352.9,-461.8,11.0,174072.1,-56952.4,964.0,968.0,96.0,70.0,53.0,637.6,-33.590243,-70.579549,2020-03-02 14:15:45
0.0,-9.9,37487.4,7726.1,-847.8,-31784.6,-21864.9,-22.1,0.0,0.0,-2357.4,-461.8,10.0,174647.5,-57405.1,868.0,872.0,96.0,72.0,27.0,638.9,-33.586731,-70.580202,2020-03-02 14:16:45
0.0,15.3,37488.2,7726.1,-848.6,-32117.9,-21980.8,-22.1,0.0,0.0,-2360.3,-463.3,16.0,175534.6,-57859.4,840.0,840.0,96.0,71.0,0.0,638.4,-33.579692,-70.581545,2020-03-02 14:18:45
0.0,15.3,37488.2,7726.1,-848.6,-32117.9,-21980.8,-22.1,0.0,0.0,-2360.3,-463.3,16.0,175534.6,-57859.4,840.0,840.0,96.0,71.0,0.0,638.4,-33.579692,-70.581545,2020-03-02 14:18:45
0.0,15.4,37488.6,7755.4,-848.6,-32149.3,-22168.2,-22.1,0.0,0.0,-2360.3,-463.3,0.0,176147.6,-58078.2,804.0,800.0,96.0,71.0,0.0,638.3,-33.57704,-70.582059,2020-03-02 14:19:45
0.0,-218.0,37489.6,7814.0,-848.6,-32186.2,-22332.2,-22.1,0.0,0.0,-2360.3,-463.3,30.0,177114.4,-58279.0,972.0,976.0,96.0,70.0,27.0,643.4,-33.568898,-70.583742,2020-03-02 14:21:45
0.0,16.3,37490.5,7897.2,-848.6,-32354.5,-22546.8,-22.1,0.0,0.0,-2360.3,-463.3,0.0,178035.0,-58662.0,804.0,804.0,95.0,73.0,0.0,638.4,-33.561235,-70.585084,2020-03-02 14:23:45
100.0,19.5,37491.9,8030.0,-848.6,-32556.8,-22785.6,-22.1,0.0,0.0,-2360.3,-463.3,0.0,180096.0,-59103.0,908.0,908.0,95.0,72.0,55.0,637.3,-33.549259,-70.587151,2020-03-02 14:27:45
100.0,19.5,37491.9,8030.0,-848.6,-32556.8,-22785.6,-22.1,0.0,0.0,-2360.3,-463.3,0.0,180096.0,-59103.0,908.0,908.0,95.0,72.0,55.0,637.3,-33.549259,-70.587151,2020-03-02 14:27:45
100.0,148.4,37492.7,8111.7,-848.6,-32845.2,-23115.6,-22.1,0.0,0.0,-2360.3,-463.3,0.0,181495.4,-59721.6,880.0,892.0,95.0,76.0,52.0,633.4,-33.542637,-70.589622,2020-03-02 14:29:45
0.0,18.8,37493.6,8164.6,-849.9,-33560.4,-23131.0,-22.1,0.0,0.0,-2360.3,-463.3,0.0,182434.5,-60453.5,876.0,876.0,95.0,77.0,0.0,638.1,-33.535296,-70.59296,2020-03-02 14:31:45
0.0,18.8,37493.6,8164.6,-849.9,-33560.4,-23131.0,-22.1,0.0,0.0,-2360.3,-463.3,0.0,182434.5,-60453.5,876.0,876.0,95.0,77.0,0.0,638.1,-33.535296,-70.59296,2020-03-02 14:31:45
0.0,2.4,37494.2,8191.8,-853.0,-33802.5,-23209.0,-22.1,0.0,0.0,-2366.0,-463.3,14.0,183093.8,-60782.4,832.0,840.0,94.0,77.0,4.0,639.3,-33.530817,-70.594919,2020-03-02 14:32:45
0.0,-84.0,37494.6,8251.8,-854.7,-34039.4,-23209.0,-22.1,0.0,0.0,-2366.0,-463.3,25.0,183914.4,-61021.1,804.0,804.0,94.0,73.0,14.0,640.1,-33.52768,-70.596349,2020-03-02 14:34:45
100.0,59.0,37494.9,8279.8,-856.4,-34151.4,-23228.1,-22.1,0.0,0.0,-2369.4,-464.1,0.0,184842.0,-61158.0,1000.0,1000.0,94.0,74.0,53.0,635.6,-33.52484,-70.597497,2020-03-02 14:35:45
100.0,59.0,37494.9,8279.8,-856.4,-34151.4,-23228.1,-22.1,0.0,0.0,-2369.4,-464.1,0.0,184842.0,-61158.0,1000.0,1000.0,94.0,74.0,53.0,635.6,-33.52484,-70.597497,2020-03-02 14:35:45
88.0,35.5,37495.4,8312.9,-856.4,-34362.6,-23546.4,-22.1,0.0,0.0,-2369.4,-464.1,0.0,185387.4,-61687.5,904.0,900.0,94.0,77.0,4.0,637.8,-33.521372,-70.598973,2020-03-02 14:36:45
100.0,231.7,37495.7,8387.1,-856.4,-34433.4,-23729.2,-22.1,0.0,0.0,-2369.4,-464.1,0.0,186413.8,-61941.0,816.0,820.0,94.0,75.0,36.0,633.2,-33.519222,-70.600422,2020-03-02 14:38:45
0.0,25.9,37496.5,8387.1,-856.4,-34525.4,-23729.2,-22.1,0.0,0.0,-2375.7,-472.0,0.0,187111.4,-62047.2,816.0,816.0,94.0,74.0,54.0,637.2,-33.513557,-70.605977,2020-03-02 14:39:45
0.0,18.8,37497.3,8443.2,-863.0,-34737.5,-24039.2,-22.1,0.0,0.0,-2375.7,-472.0,16.0,188049.3,-62576.0,896.0,892.0,94.0,75.0,0.0,638.0,-33.509106,-70.611221,2020-03-02 14:41:45
0.0,15.9,37498.3,8469.4,-867.1,-35076.0,-24162.2,-22.1,0.0,0.0,-2384.8,-474.1,0.0,189183.2,-63052.9,840.0,840.0,93.0,75.0,9.0,638.5,-33.501307,-70.615257,2020-03-02 14:43:45
0.0,16.9,37498.6,8525.6,-867.1,-35132.2,-24359.7,-22.1,0.0,0.0,-2384.8,-474.1,8.0,189898.9,-63306.5,804.0,804.0,93.0,77.0,17.0,637.7,-33.49913,-70.61572,2020-03-02 14:44:45
0.0,16.9,37498.6,8525.6,-867.1,-35132.2,-24359.7,-22.1,0.0,0.0,-2384.8,-474.1,8.0,189898.9,-63306.5,804.0,804.0,93.0,77.0,17.0,637.7,-33.49913,-70.61572,2020-03-02 14:44:45
96.0,24.7,37499.9,8612.4,-867.1,-35322.5,-24489.2,-22.1,0.0,0.0,-2384.8,-474.1,0.0,191585.7,-63626.4,1000.0,1000.0,93.0,75.0,54.0,636.8,-33.488442,-70.618103,2020-03-02 14:47:45
26.0,133.4,37500.5,8666.4,-872.0,-35580.9,-24623.0,-22.1,0.0,0.0,-2386.1,-474.1,0.0,192482.5,-64024.7,896.0,896.0,93.0,75.0,39.0,635.6,-33.483429,-70.620808,2020-03-02 14:49:45
0.0,16.0,37501.0,8666.4,-876.7,-35816.4,-24731.2,-22.1,0.0,0.0,-2391.9,-476.3,16.0,193034.3,-64381.1,856.0,864.0,93.0,75.0,0.0,638.3,-33.479145,-70.622064,2020-03-02 14:50:45
100.0,47.3,37501.4,8718.0,-876.7,-35830.5,-24783.3,-22.1,0.0,0.0,-2391.9,-476.3,0.0,194030.5,-64447.3,816.0,816.0,92.0,78.0,54.0,635.8,-33.476057,-70.622338,2020-03-02 14:51:45
100.0,47.3,37501.4,8718.0,-876.7,-35830.5,-24783.3,-22.1,0.0,0.0,-2391.9,-476.3,0.0,194030.5,-64447.3,816.0,816.0,92.0,78.0,54.0,635.8,-33.476057,-70.622338,2020-03-02 14:51:45
100.0,84.3,37502.3,8718.0,-876.7,-35830.5,-24783.3,-22.1,0.0,0.0,-2391.9,-476.3,0.0,194538.6,-64447.3,816.0,816.0,92.0,76.0,52.0,635.9,-33.469097,-70.625749,2020-03-02 14:52:45
0.0,-188.7,37502.8,8747.5,-876.7,-36022.1,-24954.7,-22.1,0.0,0.0,-2391.9,-476.3,23.0,195378.0,-64810.2,984.0,988.0,92.0,77.0,35.0,640.6,-33.465378,-70.626954,2020-03-02 14:53:45
0.0,18.4,37503.5,8801.2,-876.7,-36434.7,-25121.0,-22.1,0.0,0.0,-2391.9,-476.3,0.0,197033.0,-65389.1,908.0,908.0,92.0,81.0,0.0,637.3,-33.459226,-70.628672,2020-03-02 14:55:45
14.0,16.8,37503.9,8832.6,-876.7,-36503.7,-25278.3,-22.1,0.0,0.0,-2391.9,-476.3,0.0,197900.5,-65615.5,836.0,840.0,92.0,82.0,0.0,637.4,-33.45624,-70.629759,2020-03-02 14:56:45
0.0,-65.3,37504.4,8867.3,-877.6,-36559.6,-25475.3,-22.1,0.0,0.0,-2395.2,-476.6,23.0,198857.3,-65872.9,836.0,848.0,91.0,80.0,10.0,639.3,-33.452434,-70.630749,2020-03-02 14:57:45
0.0,-65.3,37504.4,8867.3,-877.6,-36559.6,-25475.3,-22.1,0.0,0.0,-2395.2,-476.6,23.0,198857.3,-65872.9,836.0,848.0,91.0,80.0,10.0,639.3,-33.452434,-70.630749,2020-03-02 14:57:45
81.0,199.1,37505.0,8942.8,-877.6,-36745.3,-25595.7,-22.1,0.0,0.0,-2395.3,-476.7,0.0,200443.6,-66179.5,804.0,816.0,91.0,80.0,44.0,633.1,-33.446817,-70.632411,2020-03-02 14:59:45
76.0,146.9,37505.4,8978.5,-878.9,-36854.4,-25858.0,-22.1,0.0,0.0,-2395.9,-476.7,0.0,201155.4,-66553.3,800.0,800.0,91.0,82.0,27.0,634.9,-33.443704,-70.633292,2020-03-02 15:00:45
0.0,1.7,37505.6,8978.5,-878.9,-36950.2,-25906.7,-22.1,0.0,0.0,-2395.9,-476.7,14.0,201439.9,-66697.7,992.0,1000.0,91.0,80.0,0.0,638.2,-33.442286,-70.633679,2020-03-02 15:01:45
0.0,1.7,37505.6,8978.5,-878.9,-36950.2,-25906.7,-22.1,0.0,0.0,-2395.9,-476.7,14.0,201439.9,-66697.7,992.0,1000.0,91.0,80.0,0.0,638.2,-33.442286,-70.633679,2020-03-02 15:01:45
0.0,-5.2,37506.0,9003.9,-880.1,-37073.8,-25906.7,-22.1,0.0,0.0,-2405.8,-480.6,8.0,202210.5,-66836.4,964.0,972.0,91.0,77.0,40.0,637.0,-33.438837,-70.63474,2020-03-02 15:02:45
0.0,-112.0,37506.6,9058.3,-891.5,-37366.5,-26067.6,-22.1,0.0,0.0,-2413.8,-483.6,24.0,202933.8,-67312.6,840.0,840.0,90.0,74.0,14.0,641.3,-33.43578,-70.638545,2020-03-02 15:04:45
0.0,-44.5,37506.7,9077.4,-891.5,-37404.4,-26067.6,-22.1,0.0,0.0,-2413.8,-483.6,18.0,203012.3,-67350.5,828.0,828.0,90.0,73.0,14.0,639.5,-33.43613,-70.639074,2020-03-02 15:05:45
0.0,1.9,37506.7,9082.7,-892.0,-37421.1,-26067.6,-22.1,0.0,0.0,-2413.8,-483.6,10.0,203037.6,-67367.8,764.0,764.0,90.0,70.0,0.0,638.9,-33.43613,-70.639074,2020-03-02 15:06:45
0.0,1.5,37506.7,9082.7,-892.0,-37421.1,-26067.6,-22.1,0.0,0.0,-2413.8,-483.6,0.0,203098.5,-67367.8,1000.0,1000.0,90.0,67.0,0.0,638.9,-33.436383,-70.639193,2020-03-02 15:07:45
0.0,1.6,37506.7,9082.7,-892.0,-37421.1,-26067.6,-22.1,0.0,0.0,-2413.8,-483.6,0.0,203117.3,-67367.8,984.0,988.0,90.0,65.0,0.0,639.1,-33.436383,-70.639193,2020-03-02 15:08:45
0.0,1.7,37506.7,9082.7,-892.0,-37421.1,-26067.6,-22.1,0.0,0.0,-2413.8,-483.6,0.0,203136.0,-67367.8,980.0,980.0,90.0,63.0,0.0,639.1,-33.436383,-70.639193,2020-03-02 15:09:45
0.0,1.7,37506.8,9093.5,-892.0,-37421.8,-26067.6,-22.1,0.0,0.0,-2413.8,-483.6,0.0,203167.3,-67368.5,856.0,856.0,90.0,62.0,0.0,639.2,-33.436383,-70.639193,2020-03-02 15:10:45
0.0,1.5,37506.8,9093.5,-892.0,-37421.8,-26067.6,-22.1,0.0,0.0,-2413.8,-483.6,0.0,203186.0,-67368.5,856.0,856.0,90.0,62.0,0.0,639.2,-33.436383,-70.639193,2020-03-02 15:11:45
